,California,Texas,North Dakota,Wyoming,Pennsylvania,West Virginia,Oklahoma,Florida,New York,Ohio
2001-01-01,7.745190593687875,9.550633410617367,0.601094470046083,0.032258064516129,0.9980160975916492,0.9516129032258064,3.584372759856631,16.48254379326122,0.7604923374745106,2.941884280593958
2001-02-01,8.194163696951568,12.072264173875748,0.6465986394557823,0.1095238095238095,2.149829782790309,5.758928571428571,6.619484126984127,21.872490416968137,0.9950969774618142,4.379761904761905
2001-03-01,11.281669347789435,14.077518402626064,0.7562724014336917,2.0672043010752685,3.919476591446031,5.008064516129032,9.671863799283154,22.43971039347816,1.95013506268074,7.015079365079366
2001-04-01,12.335049467423698,20.873237798199057,4.758478835978836,6.391111111111111,9.776112941004245,10.408333333333331,18.18281481481481,24.728735342650147,6.991085681375155,14.38547619047619
2001-05-01,16.403337525371978,24.729301271583576,15.322119815668202,10.015591397849462,15.88935746962493,12.462962962962964,21.736344086021504,26.28201759735998,14.029928731067692,18.306694828469023
2001-06-01,18.64894308946936,27.75643997339789,19.89483245149912,11.246666666666666,19.1660067313481,20.44340579710145,23.769074074074076,29.31989748196234,17.14894255419694,21.45650352733686
2001-07-01,19.687910042335314,30.182358326056114,24.505130995050347,14.589650537634409,20.91058278362967,19.38258064516129,28.662150537634407,29.00728527243203,18.884863890778465,24.344566052227343
2001-08-01,19.691442217248262,29.479958291131048,24.195167690732205,16.43790322580645,21.46146216593798,21.215967741935486,28.00089605734767,29.35376617189273,19.698690789936045,24.9043458781362
2001-09-01,18.222287494300005,25.576349191069664,17.189470899470898,11.138611111111112,18.262630471380472,17.515333333333334,23.60298050682261,27.806543663994454,17.40180504040567,20.277535273368606
2001-10-01,15.80284644323266,19.93172901518603,8.3868407578085,8.521212121212121,12.995424222092742,10.958333333333334,15.616850201219895,25.287254055402865,13.396913345983554,14.41635304659498
2001-11-01,12.560719742148711,17.453170842476545,3.5540476190476187,1.2916666666666667,8.677334409623297,6.056666666666668,12.903576998050683,22.792845082803748,8.430819338605007,10.362214285714286
2001-12-01,9.159745924222888,11.839861663617413,0.3389912954429083,1.2916666666666667,5.731231964479178,3.874193548387097,7.883974143798247,22.540599450252763,4.84471853257432,7.11352363884622
2002-01-01,8.500076844110248,11.00854636938171,0.3626728110599078,1.2916666666666667,2.191326234228836,1.9467741935483869,5.597625494264864,19.99941827759298,1.431372549019608,3.865501792114696
2002-02-01,9.293583628798832,11.708451334716235,0.5552721088435374,1.2916666666666667,3.6674792713007816,4.357738095238095,6.877756892230576,21.30927337983632,2.34547152194211,5.052841553287982
2002-03-01,10.829089597970738,14.723673953262074,0.7012800819252433,1.2916666666666667,5.903272557269752,6.9215053763440855,9.300248380808652,23.338485827060268,4.12142284696078,6.805608892302441
2002-04-01,13.628016080492507,20.44640543758144,5.229111111111111,3.91375,11.431545161762552,11.708333333333334,15.043622482131251,26.29211166146356,9.481792587217116,13.10679938271605
2002-05-01,15.460579676121014,23.971639790889576,12.22258064516129,7.928629032258065,13.77963344120427,14.362903225806452,18.029499613465457,27.76907381260544,12.28918798012726,15.883565881549751
2002-06-01,18.5002450509859,27.856571762798,20.98362962962963,11.37068181818182,19.170404955350605,18.77833333333333,22.16183455643466,28.32841820075652,17.605864197530863,22.36617620650954
2002-07-01,20.24362629464829,28.55470119732511,24.848853046594986,15.741968067774518,22.322208763653364,21.048924731182797,23.8139585205899,29.25944930454238,20.329614168757956,25.743380036928425
2002-08-01,19.72612945931944,29.096617121239344,22.09605734767025,14.659661127403062,22.82219601343024,20.70268817204301,26.037439130056853,29.44407399303232,20.538952139995786,25.52907353100901
2002-09-01,18.27196796911734,26.233336088823517,18.67712962962963,12.244545454545454,19.69281149697549,17.38222222222222,23.81043630317624,28.915758602646655,18.87182795469421,22.587628747795414
2002-10-01,14.669946570988856,20.816177550089463,6.881375448028674,16.861570434625463,13.391094151568986,12.34731182795699,17.164193548387097,27.68420320640769,12.82574320050601,14.339119303635432
2002-11-01,11.549708224378294,14.03421741041382,0.9328253968253968,18.23472222222222,7.040005923178812,9.127777777777776,10.830010582010582,22.668552297307883,6.469934640522876,7.429662698412699
2002-12-01,9.562963009585298,10.39211770390309,0.5916026625704045,27.20430107526882,2.274028170785386,3.19247311827957,7.086946315333412,19.39314571362816,1.4991789519778134,2.4940860215053764
2003-01-01,9.730736385172706,9.546506738476856,0.5944802867383513,27.37903225806452,1.462508960573477,1.8258064516129036,5.410916341722793,16.60073280404115,0.6370967741935484,1.587941628264209
2003-02-01,10.06386965912125,11.23418382362886,0.5672619047619047,27.11309523809524,1.0494024276377218,2.6035714285714286,6.806544130472702,20.7963309594495,0.4381868131868132,1.070578231292517
2003-03-01,12.064293526558972,15.345725563511982,0.823086917562724,21.88763440860215,4.233441359565897,7.194623655913978,11.794060419866872,24.98068359626879,2.314230769230769,6.7093958013312855
2003-04-01,12.488839047884705,20.248021738075373,7.458482443482443,15.26567195767196,8.985869627773136,10.69,17.795661375661375,24.22988354467864,6.6596153846153845,12.956521164021163
2003-05-01,14.5649601232683,25.06471378434523,14.031618023553508,16.762621607782897,13.684692882162642,14.066129032258065,22.396351175706016,28.317827960674325,12.80540613764116,16.569310035842292
2003-06-01,17.927583897598826,27.062332943590437,20.069497354497354,20.42399470899471,16.176459100060534,17.032222222222224,24.855169312169316,28.497077463587377,16.474047224631214,19.14027777777778
2003-07-01,20.453517429392075,28.91978232044957,23.70873335893497,25.555581157194062,20.563502486334983,20.171666666666667,27.47674859190988,29.180511497117045,19.91742065175269,22.501344086021504
2003-08-01,20.086600299058222,28.74815141645651,24.018792242703533,25.285074244751662,20.77481760363764,21.50752688172043,27.61761342600052,28.5216006696251,19.350428685257583,22.73319892473118
2003-09-01,18.514911231259557,24.98735307071853,16.349555555555558,20.8451164021164,17.605492052648874,18.523333333333333,22.71353357753357,28.31386439345604,17.41575400849096,18.98669312169312
2003-10-01,16.66585712529476,21.66413983363915,10.57516129032258,18.498161802355348,11.68240426334654,12.5,18.74849295452948,26.643929613140024,12.36156397698048,12.70003840245776
2003-11-01,11.804589202277665,17.30874386409113,0.9589444444444444,27.463370370370374,8.834029239766084,12.015555555555556,12.620167029774873,23.94226106182102,8.388791349455142,9.929246031746032
2003-12-01,10.052829289974197,12.519723721689962,0.3431182795698925,32.52688172043011,3.279915665190808,4.981720430107527,7.1978143228617615,18.888771798184887,3.5693528162604915,4.026670506912443
2004-01-01,9.224587971283784,12.800649438750945,0.3912365591397849,32.11827956989247,1.6313261648745518,3.2483870967741937,6.910070981797737,19.11323283256201,1.596393070222325,2.2384229390681005
2004-02-01,10.016462160973406,11.927664548535692,0.9770114942528736,32.72126436781609,1.5626491247840133,4.027586206896552,6.872032059950417,20.68272394212997,1.3058863432497578,2.5338697318007664
2004-03-01,13.401634677178262,18.00036350441992,1.151774193548387,25.77258064516129,5.1289789939745,9.94516129032258,13.488661711996626,22.17788433821164,3.7250278086763062,7.493301331285203
2004-04-01,15.077163523637418,20.64893620387259,8.401333333333334,15.347606837606838,10.083449735449737,12.868888888888888,17.749180101670298,23.741677512721232,8.39212643678161,12.346746031746031
2004-05-01,17.47188081133426,24.125485837672525,13.460645161290325,17.154288856304987,17.047402830144765,19.32903225806452,22.161848911890733,26.898260896098503,15.367686318131256,18.40691884280594
2004-06-01,19.582172842273437,26.87803760101957,18.787777777777777,19.898367901234568,18.761094997595,19.16111111111111,24.62783238471577,29.614732280170703,17.43432532284211,20.77950264550265
2004-07-01,21.18566041100755,28.31578397257467,22.873548387096776,24.080816009557942,20.56501818969561,20.38279569892473,26.158488340157795,29.482080212233296,18.80673963133641,22.534523809523808
2004-08-01,20.9508800793102,27.973977326197414,20.23173835125448,23.563978494623655,19.976858446213285,19.66344086021505,25.71947930653114,28.984619476405136,18.910541474654377,21.67427035330261
2004-09-01,19.31137999976673,26.3262785299616,18.008240740740742,19.929135802469137,18.06986431145203,21.75111111111111,24.29939590261056,27.856411466892677,17.33757894117377,20.174722222222226
2004-10-01,16.056551915950898,23.07856788587817,10.029318996415771,16.10891577060932,13.18675333661847,13.189247311827955,18.985389549141672,26.391581080350186,12.444487981009692,14.06390168970814
2004-11-01,12.00681884028631,17.022462998842077,2.761851851851852,241.62996296296296,9.056490574973951,11.323333333333332,13.269166341780378,23.529783344028612,7.918965517241379,9.891428571428571
2004-12-01,9.40858444089771,11.78992616914104,0.198584229390681,355.40268817204304,4.820801833629158,6.075268817204301,7.722589134125636,19.68133893317428,3.939994943877035,4.612642089093702
2005-01-01,9.038733293470894,13.07265807378406,0.3517383512544803,350.6245519713262,3.116520853698273,6.478494623655914,6.968623382195739,19.36403174977124,1.8171442295190905,3.900340501792115
2005-02-01,10.775795989179144,13.793291018566324,0.451984126984127,373.4449404761905,2.5225096200096195,5.102380952380953,9.137173023449146,20.09993328975521,1.1385848634124496,3.820238095238096
2005-03-01,12.280712709772404,16.405899854423527,0.6315412186379927,176.84587813620072,4.296468450903936,6.172839506172839,12.200493258235197,21.679432970930097,2.3634922445318307,5.817867383512545
2005-04-01,12.941737920491368,20.73791790143744,9.530119047619047,15.995369484316852,10.72868845315904,11.766666666666666,17.26148677248677,23.62359305525418,8.340036512517397,12.51721164021164
2005-05-01,14.984240581743498,24.337997938376542,13.498905529953916,15.529238942237043,14.10703844261719,15.80632183908046,20.90496725685181,26.64835150121821,12.749741971954268,15.76436251920123
2005-06-01,17.416274669734946,28.242492418830714,20.980059523809523,18.908546741929097,20.40447447743939,19.141666666666666,25.15994444444444,28.178463959776472,18.54005742335834,22.486507936507937
2005-07-01,20.94728687426337,29.274121897099143,24.05220814132104,22.77804659498208,22.99001946459501,22.329211469534048,26.83845110087045,29.73940970748479,20.663731582836785,24.585586277521763
2005-08-01,20.64766580176209,29.126213772866603,22.436411930363544,21.404659498207888,22.62720069863128,22.16057347670251,26.691991537984748,30.047603509143784,19.99374058607925,24.17495135688684
2005-09-01,17.969168866790962,27.560101323379133,18.248373015873018,17.691835016835014,20.870972405211536,20.692685185185187,24.795935545935546,28.87779170712727,18.71260128132655,20.95267195767196
2005-10-01,15.55139242325764,22.23292403932681,9.809478424801004,14.160185728250244,14.711277214620994,15.38142601126472,18.499807754969048,26.13719661440781,13.22892102335929,14.20847414234511
2005-11-01,13.00334103848943,17.351844417182175,2.8883478835978837,12.627925044091713,8.606137186356024,8.865148148148148,12.770774410774411,22.977291330563197,7.371494252873563,8.381253968253969
2005-12-01,10.00958712272211,11.355198152191807,0.0718637992831541,18.178673835125448,2.7020935158031936,3.865309779825909,5.951043052401286,19.622830913736465,2.3174335119830114,2.3028494623655917
2006-01-01,9.82527360172194,13.423095516029532,0.2601075268817204,18.62741935483871,3.5866568914956014,6.6056451612903215,8.076249359959037,19.71536576617824,2.441236777682829,5.35752688172043
2006-02-01,10.324128221078633,13.306273554864635,0.2890986394557823,17.939285714285713,3.130831992081992,4.5095238095238095,7.5511714079571215,19.73151880376944,2.189778325123153,3.926329365079365
2006-03-01,10.796802256008904,17.8579286154788,0.4517281105990783,15.797419040432622,5.550958374463488,7.6334229390681,12.926173951496532,22.460706803239283,3.622017177556119,6.925271377368151
2006-04-01,13.126402748527171,22.788898949800465,9.820653880070546,14.634297418630752,11.740225127087871,11.83824074074074,18.99053487253487,25.31517710890968,9.57179628866682,14.10042328042328
2006-05-01,16.251100157569343,25.499382121415334,15.793126049577662,17.625904203323557,15.129707316515466,15.4326164874552,22.018595633756924,26.820225957281476,14.166051325450203,16.468023553507425
2006-06-01,18.481009480140585,28.198564740034534,21.39640313390313,20.887547275656384,19.036507245783305,20.72055555555556,25.433194184957344,28.786064572332958,17.59852489502757,21.057447089947093
2006-07-01,20.8180093507976,29.29447040056512,24.940904328646265,20.5698509133993,21.44501976866125,23.46021505376344,27.389602159388563,29.107175810268217,20.99251797146124,23.57478238607271
2006-08-01,19.620044772721755,29.69744348615205,22.510666215504923,18.58352937643773,22.25620777381461,24.473387096774196,28.00260570715741,29.521339359084173,19.94302851397666,24.500134408602158
2006-09-01,17.916470931438578,26.119544399575485,15.971215488215488,14.814177655677655,17.92675084175084,19.593055555555555,22.34278622004357,28.404967240472665,17.030902425535405,19.099932539682538
2006-10-01,14.760478585195903,22.271062331078845,7.21158357771261,13.53410864997677,12.77392547558544,13.82284946236559,17.91745396628461,25.838250872929223,11.88720154369236,13.106935483870968
2006-11-01,12.343012321508857,17.355165856379134,1.597725468975469,14.83062962962963,9.322642714304989,10.087592592592593,12.46676984126984,21.68194767802381,8.716408568443052,7.954537037037038
2006-12-01,8.588057846255202,13.307146343059468,0.2061699948796722,16.01478494623656,5.403901188417318,5.198387096774193,8.264701511153124,21.52538132721797,5.411493645033644,5.217293906810036
2007-01-01,7.159601261063917,10.90801116437468,0.2502304147465437,16.298655913978493,4.159318996415771,5.28494623655914,5.885371008919396,21.14958611894392,3.292514250497836,4.743010752688172
2007-02-01,10.097990676416854,13.515738790748795,0.612638888888889,17.085714285714285,1.144411356617239,1.1541666666666668,7.248422619047619,19.307350868658613,0.8715576626188769,1.7464285714285714
2007-03-01,12.647130016347964,19.039362742310427,1.4692831541218636,15.087522948715096,4.253785645150049,8.191039426523297,15.171245783259542,22.524522764443137,2.340460134303776,6.59731182795699
2007-04-01,14.396591144003596,19.7387074230079,7.902474963308297,14.370202416204943,8.335447124756335,9.942092592592592,15.97073140367258,24.037392641904454,6.017650273224044,10.920833333333333
2007-05-01,16.70625949731222,23.764160429213284,16.272301981172948,14.144072802376222,15.9867486724474,17.783870967741933,21.011246837444656,26.12328236766518,13.832773270661948,19.44865591397849
2007-06-01,18.95103076076396,26.637240820047285,21.43611294811295,17.386625429318265,20.62660644048704,22.46529629629629,23.47275900133458,28.424147446998568,17.785191057581255,23.06155555555556
2007-07-01,20.515164370590032,27.53221009758545,25.052365269139464,20.69640457218473,22.37918655106592,23.631899641577064,25.824164008034973,29.952899055512077,18.96894124785115,23.899641577060933
2007-08-01,20.312705740772763,28.596178385764205,21.44254598448147,19.09903568952971,22.87891036774221,24.858064516129037,26.76087067054809,30.089755410189078,19.70339265850945,25.465591397849465
2007-09-01,18.39151254755462,26.7952846519126,16.395942427942426,15.575283737051144,21.01427653442315,21.81137037037037,24.331144485144485,28.706290880105865,17.898023996118823,22.28661111111111
2007-10-01,15.11951058838408,22.623023349540457,9.770261655906817,11.81411326250036,16.830093873887353,17.273092677931384,19.38521406908504,26.91755762974689,15.486521315169814,17.761290322580646
2007-11-01,12.722702691157984,17.33880190301118,2.166604657687991,13.809350459482038,8.617917832092102,8.516555555555556,13.001925925925926,22.39246927798297,7.548560419465591,9.019537037037036
2007-12-01,9.046801525200683,13.1084894186163,0.1583333333333333,15.808602150537634,3.821127491519045,5.384623655913979,6.850094627594627,22.1352129547528,2.6303036061398126,3.859856630824373
2008-01-01,8.564553833554179,11.165956286676552,0.2636559139784946,15.113978494623655,3.093440045617465,3.541935483870968,6.0613364055299535,19.501601543593523,2.3073320648783,3.545698924731183
2008-02-01,10.112129518782831,13.750886756144162,0.453544061302682,16.58390804597701,2.563248494800219,4.144770114942529,7.301452629167143,21.96972804976041,1.8471519178953104,2.3747126436781607
2008-03-01,12.533787766833669,16.273125566277503,0.8974142345110087,15.115913551800649,4.637037454597763,7.361559139784947,11.812698412698412,22.25892524279856,3.4796489563567365,4.856989247311828
2008-04-01,14.161419071422674,20.66324297692297,5.793516801100135,12.868731389938286,10.718431460012647,12.511500000000002,15.903310134310136,24.472179652894013,9.43635245377602,13.1025
2008-05-01,16.498165488202883,24.50938291194764,13.58739710110678,14.635765169636135,13.885229282556296,15.286917562724014,21.27332821300563,27.061095057496694,12.939102532508606,15.820698924731182
2008-06-01,19.01945796289544,28.35447019680398,19.183570411070413,15.742238014696774,20.62757402300095,22.03707407407408,25.200701668701672,28.971008222066143,18.5074552081905,22.444666666666667
2008-07-01,20.91780165066411,29.03929491845828,23.520955925794635,19.02382673164507,22.707196272234476,24.23792958043433,27.480972862263187,29.02991809367378,20.7722812326024,23.96844086021505
2008-08-01,21.146999464370914,28.65332383115117,22.73992181653472,18.38057984717964,21.688838184861105,22.89413451402066,27.05452898356124,28.798777518001867,19.722190394710086,23.73012544802868
2008-09-01,19.37841398848324,25.753178656268112,16.93705451955452,14.487084026203071,19.98344348684328,20.93304232804233,23.58352564102564,28.237771168459798,18.52683633732452,21.271481481481484
2008-10-01,15.763327156461582,21.87260491356031,9.027536531568789,11.555764681788524,13.97313010731784,13.89247311827957,17.964922801213124,25.30568908106486,12.907523801424034,14.668118279569894
2008-11-01,13.323721270923963,17.657401197581088,1.923803591470258,15.516123975764325,7.980935106046217,7.083037037037037,12.12665047915048,20.49876499200781,7.249720810849843,7.092907407407408
2008-12-01,9.845780478577677,13.200128361681417,0.086415770609319,17.446236559139788,3.1915149123122477,4.249462365591398,6.364068100358423,20.030774340136865,2.9861738907121325,3.546057347670251
2009-01-01,9.66176917093745,12.768009398972358,0.1312544802867383,18.14516129032258,1.8279643241188228,2.481505376344086,5.168359149810763,18.801562889266187,0.9512525654035788,1.613978494623656
2009-02-01,10.367916557326252,15.807956849886653,-0.0676984126984127,18.986607142857142,2.1626314665415323,3.3865476190476187,9.718406593406597,18.74644348843604,1.411116070540342,3.0484126984126982
2009-03-01,12.329366168877224,18.130064491019507,-0.051505376344086,15.51838158257513,5.593445840499604,7.836935483870968,12.722752963881996,21.752446636627973,3.880426430037153,7.869659498207885
2009-04-01,14.245493295638552,20.38845261405953,5.4440277777777775,13.9454616466767,10.330018786881464,11.020888888888887,15.404793447293448,24.309478780925065,8.81592039800995,12.089777777777778
2009-05-01,16.69181352159021,24.626491844075485,13.851900268190592,16.681524926686215,15.38430816470805,16.36337685611879,20.06482630272953,27.017291566761926,13.856909003370244,17.838028673835122
2009-06-01,18.45103398720253,28.035299416951823,19.23223646723647,15.397796291722418,18.56411795650097,21.00855158730159,26.52190170940171,29.03866060809384,16.838489197083774,21.624777777777776
2009-07-01,20.62998601467294,29.17428513171613,21.997634802473517,18.32389701758477,20.980420690837043,23.04116743471582,27.587903225806453,29.38328439853458,18.69434328844536,21.872759856630825
2009-08-01,20.315514207599563,28.988052358886108,20.905553586198742,18.27848754673685,21.708116111490124,24.199679979518688,26.93513923352633,29.537875447588707,19.664236880115556,23.26899641577061
2009-09-01,19.60303867262133,25.74123907538305,19.229590286256958,15.752323484666762,19.153882883151176,20.82453924162257,22.92684511784512,28.78610456384875,17.48565664466131,19.992851851851853
2009-10-01,15.480620643239748,21.24870506137464,6.801075367285045,11.06267448606092,12.828270234044428,13.462350657108722,15.692973824264149,26.893829135668675,12.55327620967742,13.145913978494622
2009-11-01,12.33137036287312,17.602138465840152,3.2709543296209964,13.000017384370016,9.663234006092916,9.774737654320989,13.240232323232323,23.10036343646731,9.06393795170104,9.865469135802469
2009-12-01,9.808495422424912,12.117346351516124,0.3202764976958525,12.630884904569117,3.856695702168799,3.96718509984639,5.421272664207107,20.64203253870808,3.6937956029185863,3.436980286738351
2010-01-01,10.164618877290383,12.148311337079452,0.2902713773681515,12.366982009925556,2.021258550051077,1.9900153609831028,4.879364303557852,16.49220357595954,1.5753233208207045,2.05852534562212
2010-02-01,11.328521257567903,11.722812523038368,0.3246598639455782,15.569642857142856,1.9176527695287684,1.361417233560091,5.365559163059163,17.525944917573895,1.4267605126728111,2.0833049886621318
2010-03-01,12.343700127737296,15.998827586943063,1.0172043010752687,13.20795573591032,5.671945056183142,6.568881208397337,10.433781362007169,19.25935236281392,4.875957661290323,6.068548387096774
2010-04-01,13.278924234590436,21.05463813479005,10.524052170052167,12.249446256381168,11.760039679576376,12.575293209876545,17.219845117845118,23.86814981459777,10.218333333333334,13.626666666666669
2010-05-01,15.0246690080528,24.662577650849315,13.871065815904524,13.955327880883264,15.763060468107147,17.036298856460146,20.86946073639622,27.556504656740884,14.712295908249605,17.28745519713262
2010-06-01,17.610127480677797,28.350536713600427,20.44579635900276,15.448743648940978,20.762801811617223,23.20460970017637,26.32919191919192,29.560915671046125,18.61546875,21.27140740740741
2010-07-01,19.54445644827146,28.62479020236142,23.74802867383513,18.30016875982735,23.90648252929712,25.268518518518515,27.618043336591725,29.353744043289137,21.59914314516129,23.71205495818399
2010-08-01,19.341894482767067,29.453395996854493,22.751944444444447,17.937882989370568,23.79427779760048,24.2773596176822,28.58483816661236,29.379820382465414,20.75913080371589,24.310250896057347
2010-09-01,18.241260753513696,26.70008753428221,15.223691086691089,14.58065952270898,20.850376626268854,21.344539241622574,25.02049533799534,28.36319393835419,18.64931128697946,20.76977777777778
2010-10-01,16.12316962574947,21.981144833404155,10.714562140368592,9.687912862960657,14.355286284897488,15.02084826762246,18.555083715567587,25.777906022524927,13.436732063132744,14.86169762137504
2010-11-01,12.186630420906097,17.575984320579845,3.1145150220150217,6.954313363191073,7.998920215668176,8.362268518518519,12.55897435897436,22.928446252871105,8.101356725146198,8.65939554889555
2010-12-01,10.420354971918773,13.659825491466869,0.2401945724526369,7.500806451612903,2.015241202793385,1.6476958525345622,7.067604080507306,17.399907572237296,2.915400447895618,2.370066582163356
2011-01-01,9.017510604626814,11.563594714788518,0.1605640445199019,6.745564516129033,0.7104538015923215,0.5674295954941116,5.038440860215053,18.92878512154419,0.8605083088954056,2.079708374063213
2011-02-01,9.287595205490843,13.691221717063277,0.1184210526315789,6.372991071428571,1.3940037820205886,2.7039115646258503,6.866874098124098,21.373998879288436,1.1019177102659246,2.393357535321821
2011-03-01,10.72137534955112,19.25059649211987,0.2646801657844801,7.585271270812317,4.871782640935867,6.780363543266769,12.46084229390681,23.152052777212027,3.586763952892985,5.366953566147115
2011-04-01,12.531751875060037,22.677590906337105,4.873539560200851,8.37958540787608,9.222845832138194,10.773904320987656,16.937516835016837,26.12351430801497,7.78686387359621,10.36226556178027
2011-05-01,13.76418622892176,24.3080333611367,12.520367965367964,10.80333507289866,15.035534130338624,16.05146953405018,20.131625811464524,27.22681772335183,14.23913043478261,15.771110935413592
2011-06-01,15.923154672460807,28.555154608985397,18.772418978266423,14.504250084260196,20.72097939664019,22.22479797979798,25.39573063973064,28.741808418715745,18.450597826086955,21.10256497725796
2011-07-01,18.485848620604877,29.89202707209193,24.43328408928615,19.115113502067786,24.08202803694008,25.14664168567394,27.545804822417725,29.23810956696705,21.10669015338721,24.91825275290271
2011-08-01,18.69464763259364,30.221869734343084,22.72124748689391,19.49190172543136,23.02185622353253,24.67525795590312,26.716982420208225,29.44445736530464,20.788031406025794,23.835625668112936
2011-09-01,18.131131951434323,26.55738937757267,16.8602208994709,15.679816228513651,19.2764622037704,20.63687878787879,22.268838183421515,28.518103226731643,18.37045814219408,20.0794313561682
2011-10-01,15.586925739439776,22.657263841299585,10.87909297981167,10.44622028585089,13.252416119301316,13.687654374694832,18.346565385033127,25.02815115077447,13.611749103942651,13.562191500256016
2011-11-01,11.735405840575517,18.18639987362005,2.2230190796857463,5.452259576647703,8.450497011123383,8.653130952380954,12.705632996632998,22.85844496651113,8.667947691527143,9.325661375661376
2011-12-01,8.557124091916599,13.837988730710157,0.5522657450076806,5.1986417657045845,5.084968641354394,5.545657713527422,8.08652981427175,21.48008930763633,5.535103967201846,5.298110194841944
2012-01-01,8.715450199700731,14.13598050223255,0.4550115207373272,5.272325976230899,2.4483493970526213,3.602682175869782,7.574191919191919,19.740633629327885,2.468167907361456,2.5951641199773627
2012-02-01,10.225284783769531,15.304084837550567,0.5875752599890531,6.04010889292196,3.3434527420848115,4.673072336012445,8.802264220453875,21.73722815803819,2.9167305236270757,3.629981851179673
2012-03-01,11.272884754275196,19.724782385786565,3.926502117953731,7.430691672403546,8.904453607145708,10.467132222110482,15.295416303400176,24.00631556517833,6.656816895315783,10.267635878552689
2012-04-01,13.368754748844797,23.28099240518797,9.804908424908426,10.460860894930804,11.717737640882294,13.212363821138212,19.05191613672496,24.912152310263536,9.272796073303736,12.691666666666666
2012-05-01,15.811674321399677,25.95489095648665,15.440163062743707,12.441584827852903,16.97547933987959,18.21735748515843,22.76897558849172,27.252921644610986,14.916740110185854,18.98000408816678
2012-06-01,17.97232739156116,28.429622475034027,20.59344525844526,16.09284445439618,20.30810008531454,22.294242424242427,24.71887495182348,27.581941010559028,18.350329577358533,21.935262453729845
2012-07-01,19.58418911627309,29.10430821184717,25.245005298943784,19.912822327839013,24.199917976946224,24.81206062147716,25.6185713411275,28.82854311586254,21.10968143526485,25.19491569434232
2012-08-01,19.79338589474165,29.188465024018328,22.06297796555861,18.274945413318605,23.02337176189307,23.71206986244669,24.849285583119823,28.59069226524762,20.8597575170471,23.494833149163444
2012-09-01,18.23370376089504,26.95189549196929,16.233476190476193,16.7645510621454,19.76331617508536,20.962406626321904,22.516634699215345,27.845068583429445,17.764456622245103,19.53903912311521
2012-10-01,15.746578218123458,22.41490598467611,8.243817030534297,10.609794721407624,13.677036175843124,14.429941072013415,17.22687970764423,25.843992778794988,12.873886743482252,13.29884362559678
2012-11-01,12.617629433689936,18.717049670825865,2.222394947520604,8.870869107042939,6.171668376897175,6.618941828649787,13.113248542660306,21.34183232719703,6.622555173187542,6.531809032352511
2012-12-01,10.162716761815242,15.37809698399006,0.4242784380305602,8.059824159717042,4.542005119740956,5.317556837004355,8.920816452125749,21.28887986190174,4.170407589657383,4.893554903877485
2013-01-01,8.153413285271606,13.674930605230472,0.2695033955857385,7.924309848809451,1.982847746764845,3.3971581362332417,7.393470384750914,21.459185038413253,1.8117508911449087,2.1043075430511764
2013-02-01,9.424422295648611,15.852813481610122,0.4157081405436668,8.359552046625101,1.691695368290188,3.3097615305196486,8.026254826254826,21.375518148779747,1.187038465007215,1.7178487886382623
2013-03-01,12.282548326243422,17.703914703911895,0.3991470223325062,9.623231324894718,3.796842559592652,4.614041050206161,11.078038360941587,20.59664666308994,2.879443482883373,3.917444686986283
2013-04-01,14.57726601502232,20.74619646416198,2.1171376038919383,10.184682569523298,10.21734961736806,10.705021308046735,14.214613672496029,25.008442822835917,7.689914384351825,10.746234079929732
2013-05-01,16.55826510708911,24.214318589898067,13.459209301444044,14.118131256952168,15.797265158681626,15.66193090825898,19.40025347453716,26.30933379273212,13.976942145875922,17.484926736890973
2013-06-01,19.072677910078163,28.492059434028462,19.46075336995236,17.777518286311388,19.3322570600074,20.06164471462344,24.22195206677265,28.192358657861178,16.893870911153215,20.91706168091168
2013-07-01,20.68291229043813,28.56002455495287,23.54819763142871,21.49219710211924,22.001648624987773,22.479684282772823,25.580196420329248,28.025527873712807,20.611692657388147,22.67070319823545
2013-08-01,20.01053603676095,29.124210688374543,22.528636817034783,20.890790454079823,21.2561356637484,21.140150995195608,26.01940599340673,28.811618234556978,19.61426991622459,22.381724565756823
2013-09-01,18.63261553547202,27.440797945895667,18.91994971901804,17.64036139504143,19.037582680248555,19.576871373307544,23.76309012794307,27.91498042513545,17.25765488846771,20.11136334076552
2013-10-01,14.53726957363299,23.19289984286009,9.14863371059254,10.16758269114837,14.76404286273396,15.464682049699029,18.052019706552365,26.28646113799592,13.62832542635563,14.71679179088015
2013-11-01,11.76223690520194,17.204053687234254,2.025156120506545,8.188186535502002,6.829577802209875,7.7703423192126655,11.720196078431371,23.39019033100151,6.652255015137368,6.906437433339607
2013-12-01,8.084758920103779,12.405292534643047,0.2792666840799269,7.619544592030361,2.899711288526552,4.426994906621392,6.07684628988418,22.311166165670723,2.4731417728381677,2.678587711469161
2014-01-01,8.748385505084748,11.4631397478699,0.3278784119106699,7.946584440227704,1.0373734915911037,1.599527930763179,4.9135135135135135,19.38208828490795,0.864894732086383,0.9357535785489446
2014-02-01,10.788510754110009,13.336583106098296,0.3668720565149136,8.102415966386555,0.879949166305117,1.9806620209059236,5.851970531455826,21.940635025290877,0.623701293951239,1.133962766393107
2014-03-01,13.000306344062713,16.398363510792702,0.4466390464374335,9.537152903927597,3.0194108361690484,4.673069278230982,9.757561028770706,22.67523229927186,1.4438487371109638,3.2529513299377477
2014-04-01,14.8637821298813,21.098586014464534,4.655429954629516,11.020220965197671,9.519493851652776,10.65673829629979,15.795313063063064,24.64540058535625,6.518938308779034,10.716198274950596
2014-05-01,17.047086053369988,23.80156400123424,13.47789081885856,12.669932141591127,14.433075592220698,15.551544269045984,20.31645597210113,26.86578584946736,13.14696641119791,16.37629157736451
2014-06-01,19.479222901259917,27.490392229160552,19.644380952380956,15.452366185253007,19.491280442261758,20.999007092198585,24.357045045045044,28.567388149425263,17.594314595535185,20.805877585377583
2014-07-01,21.16771206649021,28.55080180977482,22.09257867580448,19.744053303327497,21.67887409925876,22.437542896362388,25.30653225806452,29.105610584912903,19.260781438675178,22.436268212074665
2014-08-01,20.497403294077216,28.8579051528187,22.32021269053527,19.490196140265265,20.893991947901878,21.81214357022525,26.39435483870968,29.337173290290856,19.11680376823261,22.321868757703257
2014-09-01,19.504963252598674,26.893156627683457,16.980863654863654,16.66332039225143,19.42527772012122,20.23253062540297,23.38458333333333,27.86391881301025,17.608293721529016,19.735419306941044
2014-10-01,16.680263641127116,23.89674028633755,10.11649454488164,12.093087268682376,14.30939898576288,14.215887785398724,19.14774193548387,25.60949915764195,13.624193684853187,13.881476050830887
2014-11-01,12.967606247766108,16.44686767685183,2.314850843600844,7.882098763159322,6.445429944337745,6.290476718403548,10.275923423423423,20.684951656252064,6.750484040675573,6.10045695045695
2014-12-01,11.287235888193456,15.426248666182504,0.4230926779313876,8.17898866608544,3.711988929160735,4.762910378370646,8.281334940253346,19.897529840000235,3.463241689611724,3.636978916826115
2015-01-01,9.497269856988776,11.399972353621164,0.3995647721454173,8.089799476896252,0.8652049236095312,1.5802739375320018,5.801982152930919,19.519982362679485,0.8973337466573982,1.165343257468994
2015-02-01,11.37243726834968,14.11787373033587,0.3571499433106576,8.556563706563706,0.5478890632288806,1.1450287807430666,6.5850982284805815,18.13695028810329,0.186109991671436,0.9918546365914788
2015-03-01,13.390701837639412,16.691243720600244,1.393398966624773,9.702901805290312,2.5125934412017035,4.827809287486707,11.83953279655367,23.518901345402465,1.3064491079088931,2.959000151654701
2015-04-01,14.562332463461924,22.02100191976714,8.688794464794464,10.957518517705648,9.40688417605833,10.52174074074074,17.174821993313454,26.037053246863582,6.564790676371558,11.055428571428571
2015-05-01,16.43165315823451,23.74941479553119,14.035611879160268,12.6746744796489,17.412377042564113,17.786671146953406,19.02289472247543,26.976664528682,14.727539148601766,18.14680876188516
2015-06-01,19.65267291566132,27.13417436929294,20.673319365819363,17.461182665651858,19.648736496505123,20.87683333333333,24.57716242713302,28.62870728420764,17.196435207147374,20.246548675310358
2015-07-01,20.69036201928586,28.76009411462437,23.36825298357556,19.342824819854,20.82751780185829,21.425268817204294,27.131450202574488,28.700153093117542,19.20402736390965,21.73943752508269
2015-08-01,20.334238154295463,28.916989111923662,22.099618392360327,19.36832635950601,22.552149869663936,22.82523999084878,26.16561669829222,28.51883094355267,20.347963506028023,22.637958495226048
2015-09-01,19.02416891275461,27.265507177090903,18.837730565730567,16.989687949486765,20.898258061050765,20.99277007895089,24.407509009009008,27.62838769277274,19.35955053150708,20.894485500273444
2015-10-01,17.29425362918796,23.61837248595123,10.95334119285732,13.365115894004074,13.70893542426749,14.483699330493,18.93801220575414,25.272934353639183,12.825965298142718,13.86494830993982
2015-11-01,11.21553658105341,18.772343006546222,3.980602761436095,7.706242398386384,9.204927186095611,9.984147517730497,13.336734631690511,24.24400655480617,8.935230630775843,9.402117907381063
2015-12-01,8.680083094986994,15.362621089815285,0.5135454002389487,7.100358588617696,6.619692148510357,7.751309540150995,9.233301128759292,22.57299975831292,6.630584460631288,6.88611896645222
2016-01-01,8.846525558612251,12.813060218366008,0.123521505376344,7.096554252199414,1.7645440347436878,1.9176988298709343,6.012220295829894,18.414563617580725,2.052592713030408,1.3893039436922416
2016-02-01,10.352538396227583,15.417756607521731,0.2650086663017697,7.171850119202914,2.408037318081043,3.309471820182752,9.579624883504192,18.527103165925418,2.0987917278063097,2.8755789783738983
2016-03-01,11.825609740759864,19.08554980826728,3.226242862573508,8.479101666023002,7.478521810552102,8.395177115033475,13.645655617667003,22.487257746731963,5.479614334027055,8.150611155856451
2016-04-01,13.54218694239252,21.499011577000815,7.938134259259259,11.00755951179311,10.802570860818772,12.075283758786531,17.04917917917918,24.19798026201031,8.566836964503187,11.286448023653907
2016-05-01,15.010705671939256,24.001732621114893,15.671751792114696,12.865755576063773,14.763019895747696,14.767506999391356,19.81494627929637,26.38245890316741,13.307209704885471,16.007386903032064
2016-06-01,17.809850278051112,27.21562558854294,21.55717592592593,17.054201357466063,20.55790646010292,20.516740880503143,25.452769872813988,28.322072159281465,17.680985370179176,21.61512012012012
2016-07-01,19.34307739959601,29.22113946036168,23.35782450076805,19.31272689849173,23.431415484739222,23.09387234042553,27.01452097212595,29.47772081886116,20.49942734871897,23.88068118429172
2016-08-01,19.43369870341988,28.66658033559609,22.74658346134153,18.83911973756151,24.061477404768212,24.51532075471698,26.35195231457091,28.694295417740733,22.82113411364673,24.776284731465
2016-09-01,17.651005138357938,27.697664842594296,17.31039351851852,15.885159439127182,21.434849950978062,22.527929923541745,24.0370906200318,27.851198129493067,20.121766585125474,21.506453953953955
2016-10-01,14.6307409414077,24.458862417059443,10.12472670250896,11.669668808922482,15.02169459516635,15.64348210935908,19.96102877070619,24.94773208175006,13.92806607767158,15.161646750219482
2016-11-01,12.018984649284146,20.445639111067184,5.575472579889246,8.929653174800636,8.13949918735696,9.013621142780677,14.99323931141768,22.018250331142266,8.176046764899858,8.484406668573335
2016-12-01,8.915477253565392,14.891579233886612,0.3222968936678614,6.629136631984084,3.416337444286984,4.659707851491175,7.628264783974637,21.773314764592136,3.164250759051762,3.048127159419809
2017-01-01,8.578143253412868,14.748176976416753,0.1159796893667861,6.670447969135141,3.318623554617937,4.899717589774802,7.265765105938429,20.139706150932437,2.2728812663352813,3.652910092320989
2017-02-01,9.696587521904457,17.567147043204546,0.1452380952380952,7.510118337301761,4.092706177380811,5.515066037735849,10.661184304161074,21.337028315271844,2.5772936671041724,4.752255188182311
2017-03-01,10.905062652858774,20.322666125897083,1.038385389998293,9.216410237164911,5.205948797128186,6.599947308929659,14.289156451923857,22.021608383003983,3.0770946810136617,6.555938339017497
2017-04-01,12.000494389767438,22.49905416357916,8.50635751594085,9.673027588531689,11.772924939522966,12.807136700941731,17.066113474123345,24.3970275366261,8.919228177210561,13.347036204651468
2017-05-01,13.883050646771798,24.57987378268345,14.27169443459766,11.744890056464406,14.748648892488085,15.721985044778714,19.70545242191783,26.509680296130828,13.160934370011269,16.146545485577743
2017-06-01,16.100654526332384,27.52044409650732,20.135525030525027,14.726050567575308,19.420055102800607,20.73593441150045,24.07517722794447,27.33414956126723,17.95789026423813,20.928326016492683
2017-07-01,18.255404507806688,29.40496779271789,23.732130056323605,18.684205230606352,21.98696191817746,23.042926788974874,27.00838616758041,28.421266521763627,21.07707700457923,22.68311860247344
2017-08-01,18.89852244316861,28.336522819616462,21.822964669738862,18.449587831711664,21.51253201853645,22.084761542474567,25.63597014036377,28.28062768533341,21.072124967832146,22.040298042072237
2017-09-01,17.396595128233745,26.283259033401933,17.287796092796093,15.300827959396925,19.482798152323348,20.252064365706502,23.432271259113364,27.115096975937696,19.08154982179027,19.424763096429764
2017-10-01,13.892145918613249,23.226798097940392,9.774427901847258,10.04216849339328,15.997566328859078,16.753178249676193,18.763366945976163,25.25592703522436,16.224862584541036,15.44016278587586
2017-11-01,12.028509791223795,19.40110446033531,1.2980170292670292,7.850888294711824,7.431651023515685,8.353267070979335,13.102837169721315,22.272408410159517,7.65614939309057,7.387500293526609
2017-12-01,8.460143684921205,14.39679987668466,0.4488863287250384,7.072503840245776,2.728734557745358,3.638405597580887,8.172671370002211,20.55231239827163,3.024452056482417,2.405133536398392
2018-01-01,9.499305234189723,11.57096100100198,0.2335445468509984,7.203840245775729,1.259729099120015,1.5622491764001198,5.263115455797968,17.367134202853972,0.947927454394006,1.251768168400047
2018-02-01,9.548699573318178,14.98741907521574,0.3514668367346938,6.3340175939043535,3.2374240996374355,5.261206350989033,7.083078593035458,22.025888387625557,2.3550057901948658,3.7625976126186207
2018-03-01,10.492529862467435,18.92027876298942,0.5469086021505376,7.139839476023583,4.322288450749884,5.411180549517433,12.614561779898958,21.316398448319184,3.61530468687964,4.887320606049259
2018-04-01,12.903973363865532,20.7102224985331,3.146488095238096,8.864939047442876,7.952466455159035,9.44671212121212,14.29796143699821,24.076012910143746,6.2945299210593335,8.93470338422093
2018-05-01,15.080390721269051,26.276128015322,15.942951907709972,12.618145601974264,15.70906737869228,16.83112186544371,22.98482544391604,25.62661547148421,14.127158503919652,18.50152674386545
2018-06-01,17.81151996681267,28.79053903124611,21.52271387871388,15.573224043715848,19.344696445434128,20.432804468250204,25.26450978499508,27.92799528617989,17.857365815012876,20.98307913480282
2018-07-01,20.096277357591426,29.494819095454883,23.89445407547539,18.82022394034056,22.17526727576761,23.270316711590297,26.766006621370327,28.170664044317224,21.446463907165995,23.845261851900226
2018-08-01,19.16826635719084,28.962271193906563,22.16510005218696,18.2382211944818,21.577862344493028,22.479361577254156,25.6531500469956,28.0996274179651,21.008856163514608,23.49326629228157
2018-09-01,17.38301166858968,26.98784709161111,16.41382729468599,15.475254772502206,19.14871700144132,20.59274593974557,23.42907365101264,27.997606297833784,18.81632302861876,21.0320767765066
2018-10-01,14.759812950284504,22.343299175862025,6.7804672299027136,10.45172356421772,13.623398302666429,14.797599959684652,17.693883040873498,26.131443532046543,13.164478081024937,14.163956120153063
2018-11-01,11.013828684476628,16.083596285827753,1.8672413019079688,6.198789332365747,6.974408819060242,7.969940014524328,10.373489841567862,22.8346759045534,6.7959379192803375,6.537634257064082
2018-12-01,9.433900800077136,14.105929524326283,0.5010752688172043,5.156295800365187,4.138133085298505,4.834896326345536,7.293521263820448,19.21384060705074,3.792609503033908,3.804945037345916
2019-01-01,9.03313251802755,13.23679908658833,0.2443548387096774,5.5624722886954485,2.4754754073923406,3.5698364149213044,5.763744983884638,18.788614081063383,1.7901960535185513,2.3642796561439825
2019-02-01,8.571979673743389,15.004700266420071,0.2208971088435374,5.253795004874692,2.520806850917789,3.995171578394466,6.503253373531351,21.126753892629026,1.552758538975644,2.342032403014969
2019-03-01,10.296750754053129,17.044329545840107,0.2975614439324116,6.092371698903653,4.680237739143544,6.337862953600074,9.85299285237036,22.05171324992033,3.26245934499858,4.758126930128828
2019-04-01,12.526654792140334,20.30124156677861,5.668468133718134,8.438365856317693,10.780437242880716,12.677840407191155,15.968055702043507,24.359309579154694,8.110444969265634,11.42224157350628
2019-05-01,13.255402709460052,23.785585619543603,12.16080117186042,10.582252267438143,15.192210165417086,17.66329463846626,18.623350824030464,27.017743067310253,12.492842653971609,16.81946044287725
2019-06-01,15.828154178870964,26.759801492543115,19.79716766664135,13.929273737926009,18.39318256562681,20.462308154619567,22.52540076316972,28.26074710634472,16.69055844116106,19.693179765130985
2019-07-01,17.948270946713812,27.99547651154691,23.729588511846572,17.936841037760807,22.533573541652604,23.94298978289649,25.55995778632916,28.308268065414275,20.63712428941877,23.738620373671303
2019-08-01,18.538683011189494,29.107814750709263,21.55979379043895,18.2403126068196,22.270445222045943,23.72246647709872,26.54387652775189,28.1015724546798,20.17703599733482,23.11638930917845
2019-09-01,16.730622162518173,27.560963022833185,16.94396536796537,14.64684683277357,19.9814313805014,22.36015218121933,25.706573079738934,27.59684863493123,17.86942385313315,21.26678773191578
2019-10-01,13.158523955271924,22.853218013046703,6.708639620345402,8.038213793860596,14.684177007575508,16.373893897703102,17.244027891460284,26.22857149574547,13.236760877926462,15.072326521280102
2019-11-01,10.77338241163966,16.339944661517677,1.25520543653877,6.701727119265686,6.763979328456189,7.549693539611573,10.63113221304002,22.19441804395579,6.584406634038314,6.213927715164557
2019-12-01,9.23945380965584,15.260825927512354,0.2960289889322147,6.329011483083126,3.53094944186996,4.911978366615464,7.922222933474928,20.59952660042509,2.7211204273535934,3.667400744416873
2020-01-01,8.626850696749392,14.845374440998931,0.2023817401236756,6.502978244561141,3.4688621445087464,4.611650319982781,7.356275225621667,19.8994287473811,2.315442191916284,3.573043751177677
2020-02-01,9.28602289168608,14.476276864811394,0.2217569786535304,4.007462675433076,4.066680005284296,5.34727636181909,7.588863946058404,20.66741825090451,2.119836963181774,3.2011567829172183
2020-03-01,10.46317842061745,18.87149052919212,0.6152771571319958,6.3410698544351805,7.494543284336553,8.49573991891873,12.603133703921833,23.20726790690208,4.52573298048885,7.357458636643695
2020-04-01,12.33409329465072,20.75128354100641,5.592416553862375,9.183855337619995,9.893809742575009,10.828578123873388,15.495379925650823,24.925703881172694,6.964115468536997,10.500239113509004
2020-05-01,49.54094052623001,24.627775628318723,14.056279614279216,11.190375760084224,14.300214140784364,14.311890471142943,19.729540899120448,25.822263643658367,11.508395588191012,14.97628746833173
2020-06-01,40.28850743402884,27.097875227287425,20.834126055880443,13.899850763143018,20.216828855469355,20.135707192677096,24.754521667062463,27.818240484000547,16.393699340806222,20.991280861644192
2020-07-01,18.53289895534316,28.535433651360176,24.31753683174836,17.241812078116563,23.616431530861952,25.60521322179305,26.70780550055828,28.68851897963003,19.68065552479928,24.58819514771095
2020-08-01,18.976220032548397,28.907492395935392,22.85446649910672,17.166714978888617,22.455316014786064,23.81741756997954,25.902964577093798,28.705429852169782,19.47634269042195,23.342866663635608
2020-09-01,17.317555023033794,25.768640733053257,15.856898420479302,13.286847705431937,18.87207250956861,19.98435555555556,22.481873727978996,27.385932783296123,16.814465295028395,19.61111177703308
2020-10-01,15.081804232711155,22.52563789674385,7.269914955116568,10.194102619091096,14.188795653381796,15.564437224232629,16.63351692186297,25.880334415142435,12.958212109106611,13.877761586157284
2020-11-01,10.890783742704388,19.355990242700518,2.1125308641975304,7.622771672771673,8.766253570103126,9.897481564979651,13.051330050900209,23.28913290315696,7.894714110587045,8.443072753804461
2020-12-01,8.718617520070056,14.407677826333506,0.5151232757684371,6.33239985820631,4.188218680286345,4.636061250577379,7.845280991229454,18.92001230081384,3.678504788501941,3.3984083554626845
2021-01-01,8.73526875109002,13.81680052321402,0.3727956989247312,6.749200907562537,2.9559462639246963,3.131759925050248,6.696301181039413,18.714141084673567,1.9326139853389104,2.0718677172666986
2021-02-01,9.53999837289947,12.93215493518785,0.2618915343915344,6.516581460519431,1.973596364642946,2.742614366812997,5.138896210111608,20.279128367062054,0.9911811800856436,1.1963478407557353
2021-03-01,10.69994892135692,18.150330699511063,1.8422388632872504,8.021798443204217,6.533578182304953,7.971441565315153,11.914983618615729,22.2419976011963,3.5794951352598434,7.483951891444389
2021-04-01,13.687175946911877,20.437740564124365,7.475172385620914,8.852348521570718,11.40646380111709,11.64387404281919,15.06483463483386,23.655991368417723,8.501042107081332,12.383506234362825
2021-05-01,16.01397089285469,23.20505450550468,14.849233080328906,11.656191576559278,14.9868646024159,16.257975636534805,18.878907198256652,25.95354283450637,12.69733467404421,15.928064761839012
2021-06-01,18.8564809913088,26.80658057496988,22.28502151416122,16.119506484365097,19.89673159869852,20.59757618067253,23.55454466051417,27.366151123013857,17.42774211271718,21.555443412306847
2021-07-01,20.113743525854616,28.027503419090262,24.76608358934972,19.667671552084155,21.813611585051294,23.510101699014943,25.524710072135168,27.771097262586583,18.90278089296453,23.188911348346647
2021-08-01,18.92258329069151,28.922530474905837,21.881576420890937,18.254715941108262,22.14167379034041,23.38965440313772,26.32194282349133,28.049080014533367,19.84647715909086,23.95799418067869
2021-09-01,17.733960084722398,26.838479769570014,17.79464351851852,15.258696564858472,18.99003851574365,19.926643105844462,24.432494804545836,27.11481523391125,17.68541401783654,20.670284686634787
2021-10-01,14.089206583743596,23.507796579830472,11.20404520658553,10.842988591595429,15.70751340384838,16.588662176722327,19.45308160784081,25.48206598434912,14.589171817159418,16.618523230650332
2021-11-01,11.966285551497158,18.08353780494938,3.047864943698277,8.339310134310134,7.810675304179813,7.94843680791682,12.694360283313769,20.729732010178743,7.941248296902574,7.512570088021753
2021-12-01,9.10253674891176,17.662152281055473,0.7588500597371565,6.720087646742995,5.20515533551364,5.684593138988704,11.11131329650492,21.240883541482127,4.376537005140437,5.234096277859798
2022-01-01,8.467410823899108,13.735815170607005,0.4864809384164223,6.67293217535153,2.18904273986772,2.60647039192674,6.57228817522386,18.959267264536443,1.6667863718285876,1.674203601151527
2022-02-01,8.803498867437181,13.533269871047295,0.3235930735930736,6.92754884004884,2.7383430651418825,3.410963308245134,7.2698122980689295,19.80182528117789,1.3673234736550408,1.864806639914952
2022-03-01,11.105124667414104,17.20390750566813,0.62139486260454,7.932779602384956,6.429524910336597,7.609706016929764,11.36553293189566,22.626292534167654,3.608334672980972,6.399807232064684
2022-04-01,12.827763149313622,21.838518112471164,3.6227600732600735,8.028997953092746,9.944664768794734,11.011875,16.19271492673675,24.0116582228324,7.389752153308097,10.54688921156509
2022-05-01,14.630014105847923,25.62568010808725,12.93765172735761,9.939942249318312,15.643242524517504,16.533754917666176,20.79052056640409,26.493716945892547,13.371613927615044,16.93414767394088
2022-06-01,17.439308760042515,28.31921256758102,20.225561909949167,13.094451163502756,19.85918468686999,21.15513667257683,24.533618512081773,28.040363038847115,16.91597991329995,21.156789719865092
2022-07-01,19.449389045408644,29.245859224302205,24.26787174821914,18.292556968627547,22.68416836325295,23.400112030822367,27.456076097641063,28.48141449282946,20.118160915148856,23.459217053743394
2022-08-01,19.537763553239877,28.551445403153515,22.939557670323115,18.67513768990957,22.691034421278086,22.322228469836418,26.51421515958236,28.54735261495752,20.8751122424872,22.957688607561423
2022-09-01,18.18064405070986,27.057506020156755,17.88030409356725,15.548520605470143,19.34594039358652,19.965940678794063,24.27661009141973,27.196034117315044,17.867869634100987,19.8809299224904
2022-10-01,15.170036234155052,22.548581411605205,9.400869453755702,10.417842816214485,12.494275491304862,12.27601805377108,18.49758791750811,24.061891311308365,12.22059573424798,12.21669474453103
2022-11-01,9.512100642221696,17.693973640940456,1.902397334147334,5.557777777777777,8.596683277836664,8.784340277777778,12.625268599780416,22.843775040813178,8.295794304017258,7.969581758558544
2022-12-01,8.116426711311513,15.133222926761858,0.2004981935627096,4.982788381837618,3.628425517631968,4.149341540837336,8.460218388624682,20.07883270067911,3.352555807938935,3.34557956926914
