,Texas,Florida,California,Ohio,Pennsylvania,New York,West Virginia,Oklahoma,Wyoming,North Dakota
2000-01-01,46.539256198347104,24.744897959183675,14.659090909090908,49.49186991869919,7.195121951219512,0.0,37.142857142857146,12.77056277056277,0.8009153318077804,25.19083969465649
2000-02-01,50.867768595041326,29.030612244897963,7.909090909090909,43.577235772357724,3.2195121951219505,0.0,22.5,20.476190476190474,0.0,31.70483460559796
2000-03-01,52.63429752066116,52.67857142857143,1.0227272727272727,37.60162601626016,1.2195121951219512,0.5458515283842795,17.946428571428573,6.0606060606060606,0.0,22.519083969465647
2000-04-01,43.336776859504134,63.26530612244898,0.5681818181818181,23.06910569105691,1.4634146341463414,0.0,21.607142857142858,2.0562770562770565,4.862700228832952,16.666666666666668
2000-05-01,39.58677685950413,70.05102040816327,0.0,6.016260162601626,0.0,0.0,12.857142857142858,0.9956709956709957,6.1784897025171635,8.600508905852418
2000-06-01,24.43181818181818,84.94897959183675,0.0,0.1016260162601626,0.0,0.0,6.428571428571429,0.9199134199134199,11.155606407322654,2.2264631043257
2000-07-01,18.026859504132233,82.20663265306123,0.45454545454545453,0.0,0.0,0.0,0.625,2.380952380952381,25.858123569794053,0.0
2000-08-01,33.88429752066116,68.57142857142858,4.363636363636364,0.0,0.0,0.0,0.0,5.757575757575758,26.407322654462245,0.10178117048346055
2000-09-01,62.34504132231405,51.275510204081634,2.784090909090909,0.0,0.0,0.0,0.0,47.13203463203463,33.066361556064074,1.2086513994910941
2000-10-01,54.29752066115702,46.93877551020408,2.4545454545454546,0.3252032520325203,1.4634146341463414,0.0,9.428571428571429,46.70995670995671,28.009153318077807,3.4096692111959284
2000-11-01,14.049586776859504,67.47448979591837,0.0,2.642276422764228,10.121951219512194,0.5458515283842795,24.642857142857146,0.0,21.91075514874142,0.0
2000-12-01,11.673553719008265,79.33673469387756,0.0,3.8617886178861784,12.317073170731707,0.0,41.42857142857143,0.0,17.33409610983982,0.0
2001-01-01,10.661157024793388,80.10204081632654,6.181818181818182,1.2195121951219512,16.09756097560976,3.1441048034934496,32.357142857142854,0.0,12.631578947368421,0.10178117048346055
2001-02-01,8.832644628099175,92.98469387755102,7.954545454545454,0.0,23.78048780487805,4.039301310043668,23.482142857142858,0.0,25.629290617848973,0.2544529262086514
2001-03-01,9.142561983471074,92.09183673469389,6.931818181818182,9.552845528455284,18.536585365853657,2.9475982532751095,16.607142857142858,0.0,31.979405034324945,0.2544529262086514
2001-04-01,9.142561983471076,81.56887755102042,11.022727272727273,21.646341463414632,6.7073170731707314,0.7641921397379914,21.42857142857143,0.0,27.45995423340961,0.6361323155216285
2001-05-01,9.421487603305787,88.77551020408164,13.181818181818182,25.203252032520325,59.1219512195122,44.62882096069869,43.214285714285715,0.3463203463203463,25.583524027459955,0.0
2001-06-01,14.87603305785124,71.61989795918367,20.454545454545453,0.0,24.390243902439025,17.685589519650655,0.08928571428571429,0.8116883116883117,32.09382151029749,0.0
2001-07-01,29.958677685950413,46.683673469387756,23.227272727272727,8.048780487804878,17.95121951219512,17.030567685589524,0.14285714285714285,23.982683982683984,50.389016018306634,0.0
2001-08-01,38.739669421487605,8.16326530612245,25.96590909090909,26.117886178861788,44.146341463414636,51.41921397379913,0.35714285714285715,37.5,58.52402745995424,0.0
2001-09-01,22.31404958677686,7.971938775510204,35.79545454545455,24.085365853658537,48.048780487804876,41.70305676855895,2.053571428571429,21.103896103896105,62.18535469107552,0.6361323155216284
2001-10-01,23.057851239669425,4.8979591836734695,38.22727272727273,11.463414634146343,43.70731707317073,23.231441048034934,8.285714285714286,16.363636363636363,61.967963386727696,12.213740458015268
2001-11-01,28.82231404958678,8.22704081632653,37.32954545454545,2.642276422764228,52.5609756097561,34.1703056768559,47.14285714285714,22.077922077922075,61.55606407322655,17.55725190839695
2001-12-01,24.173553719008265,11.926020408163266,22.102272727272727,1.1178861788617886,49.51219512195122,31.87772925764192,47.76785714285714,24.18831168831169,59.267734553775746,23.66412213740458
2002-01-01,23.305785123966942,13.214285714285714,3.590909090909091,0.5691056910569106,45.756097560975604,27.248908296943235,40.5,29.220779220779217,62.517162471395885,22.646310432569976
2002-02-01,18.49173553719008,12.11734693877551,9.204545454545455,0.2032520325203252,74.7560975609756,37.33624454148472,60.35714285714286,15.963203463203463,67.5629290617849,25.69974554707379
2002-03-01,24.328512396694215,12.755102040816327,14.318181818181818,7.317073170731707,93.04878048780488,39.41048034934498,85.44642857142857,24.242424242424242,71.10983981693364,26.97201017811705
2002-04-01,21.81818181818182,13.520408163265307,23.59090909090909,0.08130081300813008,61.07317073170732,22.882096069869,43.57142857142857,22.467532467532468,75.4233409610984,28.49872773536896
2002-05-01,32.179752066115704,32.6530612244898,27.5,0.0,25.975609756097562,11.572052401746726,4.017857142857142,15.963203463203463,79.69107551487414,26.844783715012724
2002-06-01,33.52272727272727,26.53061224489796,38.52272727272727,0.0,10.487804878048781,3.493449781659389,2.142857142857143,8.54978354978355,81.2929061784897,18.765903307888042
2002-07-01,19.09090909090909,9.540816326530614,46.5,21.54471544715447,35.70731707317073,19.03930131004367,8.428571428571429,5.757575757575758,94.41647597254004,14.961832061068701
2002-08-01,10.692148760330578,0.12755102040816327,49.26136363636363,71.23983739837398,59.512195121951216,20.52401746724891,17.589285714285715,3.6796536796536796,99.77116704805492,11.259541984732824
2002-09-01,13.37809917355372,0.5102040816326531,48.57954545454545,96.34146341463415,86.58536585365854,50.43668122270743,70.26785714285714,7.738095238095238,96.85354691075516,7.633587786259542
2002-10-01,13.305785123966942,1.1224489795918369,52.13636363636364,41.05691056910569,39.80487804878049,3.493449781659389,36.57142857142857,12.077922077922079,90.93821510297482,16.234096692111958
2002-11-01,4.803719008264463,1.0841836734693877,44.60227272727273,28.048780487804876,7.439024390243902,0.0,4.375,3.7337662337662336,89.81693363844394,16.348600508905854
2002-12-01,4.545454545454546,0.0,34.18181818181818,22.601626016260163,4.292682926829268,1.0480349344978166,0.3571428571428571,2.7705627705627704,90.98398169336386,28.142493638676843
2003-01-01,4.2355371900826455,0.0,26.022727272727273,15.752032520325203,3.5365853658536586,1.3100436681222707,0.0,3.6796536796536796,97.82608695652175,37.97709923664122
2003-02-01,3.8223140495867773,0.06377551020408163,26.875,15.853658536585366,2.5609756097560976,1.4192139737991267,0.0,2.6515151515151514,98.8558352402746,38.16793893129771
2003-03-01,5.785123966942149,0.0,22.21590909090909,19.308943089430894,3.4146341463414633,3.930131004366812,0.08928571428571429,3.841991341991342,96.28146453089245,45.35623409669211
2003-04-01,10.371900826446282,0.0,20.363636363636363,19.26829268292683,7.02439024390244,1.8340611353711793,2.5,12.813852813852813,80.2745995423341,43.51145038167939
2003-05-01,36.260330578512395,4.719387755102041,16.30681818181818,8.739837398373984,9.024390243902438,4.148471615720524,0.5357142857142857,24.567099567099568,72.31121281464532,16.0941475826972
2003-06-01,35.175619834710744,0.0,16.022727272727273,0.0,0.0,0.0,0.0,15.367965367965368,65.90389016018307,9.732824427480915
2003-07-01,17.39669421487603,0.0,16.18181818181818,0.0,0.0,2.0087336244541483,0.0,23.160173160173162,70.20594965675058,5.089058524173028
2003-08-01,30.423553719008268,0.0,15.96590909090909,0.0,0.0,0.0,0.0,38.74458874458874,78.71853546910755,23.21882951653944
2003-09-01,20.90909090909091,0.0,16.045454545454543,0.0,0.0,2.096069868995633,0.0,24.285714285714285,68.60411899313502,34.65648854961832
2003-10-01,15.702479338842975,0.0,24.545454545454543,0.0,0.0,0.0,0.0,12.824675324675326,71.5675057208238,35.30534351145038
2003-11-01,21.074380165289256,0.0,23.011363636363637,0.0,0.0,0.0,0.0,23.59307359307359,72.36842105263159,35.11450381679389
2003-12-01,22.60330578512397,2.7040816326530615,19.772727272727273,0.0,0.0,0.0,0.0,25.064935064935064,72.03661327231121,37.50636132315522
2004-01-01,26.03305785123967,0.0,13.863636363636363,0.0,0.0,0.0,0.0,22.023809523809522,69.279176201373,37.02290076335878
2004-02-01,21.590909090909093,0.0,12.954545454545453,0.0,0.0,0.0,0.0,17.64069264069264,70.93821510297484,37.404580152671755
2004-03-01,11.446280991735538,1.6836734693877553,12.136363636363637,0.0,0.0,4.890829694323145,0.0,8.225108225108226,72.76887871853548,36.539440203562336
2004-04-01,4.597107438016529,9.247448979591837,19.65909090909091,6.808943089430894,0.0,0.0,0.0,8.279220779220779,75.91533180778032,31.04325699745547
2004-05-01,5.216942148760331,9.566326530612244,31.02272727272727,2.6422764227642275,0.0,0.0,0.0,12.283549783549784,81.1212814645309,27.67175572519084
2004-06-01,10.495867768595042,9.693877551020408,31.95454545454545,0.0,0.0,0.0,0.0,19.047619047619047,84.34782608695653,17.201017811704837
2004-07-01,4.390495867768595,2.74234693877551,33.57954545454545,0.0,0.36585365853658536,1.3100436681222707,0.0,6.4935064935064934,82.2654462242563,20.610687022900763
2004-08-01,1.2396694214876034,0.05102040816326531,38.590909090909086,0.0,0.0,0.0,0.0,1.6017316017316017,79.95423340961099,22.595419847328245
2004-09-01,0.6198347107438017,0.0,40.34090909090909,0.0,0.0,0.0,0.0,0.3787878787878788,73.97025171624715,22.07379134860051
2004-10-01,0.10330578512396695,0.0,36.875,0.4065040650406504,0.0,0.0,0.0,1.8398268398268396,70.02288329519452,24.045801526717554
2004-11-01,0.0,0.0,26.545454545454543,0.0,0.0,1.9213973799126638,0.0,0.0,69.1075514874142,23.460559796437657
2004-12-01,0.0,3.061224489795918,22.84090909090909,0.0,0.0,0.0,0.0,0.0,68.53546910755149,24.80916030534351
2005-01-01,0.0,3.826530612244898,5.340909090909091,0.0,0.0,0.0,0.0,0.0,70.02288329519452,25.890585241730278
2005-02-01,0.0,7.01530612244898,3.125,0.0,0.0,0.0,0.0,0.0,72.19679633867278,28.43511450381679
2005-03-01,0.8264462809917357,3.8775510204081636,2.7272727272727275,0.0,0.0,0.0,0.0,0.2597402597402597,76.15560640732267,30.839694656488547
2005-04-01,1.962809917355372,0.0,1.534090909090909,3.1504065040650406,4.146341463414634,4.585152838427947,3.303571428571429,11.147186147186147,73.05491990846683,31.997455470737915
2005-05-01,11.40495867768595,0.0,0.7727272727272727,1.7073170731707314,4.585365853658536,5.502183406113537,0.0,34.15584415584416,60.778032036613276,40.81424936386769
2005-06-01,15.444214876033058,0.0,0.3409090909090909,20.528455284552845,17.317073170731707,15.502183406113538,8.125,26.298701298701296,52.6887871853547,14.885496183206108
2005-07-01,28.977272727272727,0.0,0.22727272727272727,27.74390243902439,19.146341463414636,6.004366812227074,6.25,16.341991341991342,54.06178489702518,5.852417302798982
2005-08-01,15.991735537190085,0.0,0.22727272727272724,25.52845528455284,31.51219512195122,31.353711790393014,8.0,11.2987012987013,51.578947368421055,5.801526717557252
2005-09-01,15.134297520661159,1.8494897959183674,0.17045454545454544,10.365853658536585,51.46341463414634,12.77292576419214,14.196428571428573,5.8982683982683985,48.05491990846682,6.043256997455471
2005-10-01,19.214876033057852,4.464285714285714,0.0,18.089430894308943,25.365853658536583,3.8209606986899565,33.92857142857143,9.848484848484848,37.24256292906178,3.8804071246819336
2005-11-01,27.727272727272727,6.071428571428571,1.1363636363636362,11.54471544715447,2.341463414634146,0.0,13.357142857142858,22.683982683982684,33.089244851258584,6.208651399491094
2005-12-01,39.824380165289256,0.5102040816326531,1.818181818181818,8.130081300813007,0.0,0.0,6.160714285714286,45.02164502164502,30.320366132723112,1.1450381679389312
2006-01-01,49.09090909090909,0.15306122448979592,0.6363636363636364,2.6829268292682924,0.0,0.0,1.7142857142857142,56.53679653679653,28.87871853546911,1.7811704834605595
2006-02-01,62.654958677685954,0.06377551020408163,3.8068181818181817,1.1178861788617884,0.0,0.0,5.803571428571429,74.02597402597402,27.402745995423345,2.035623409669211
2006-03-01,64.56611570247934,6.63265306122449,3.693181818181818,3.963414634146341,5.853658536585366,2.183406113537118,26.160714285714285,71.69913419913419,26.144164759725403,11.323155216284988
2006-04-01,59.65909090909091,24.23469387755102,1.6477272727272727,3.7601626016260163,37.073170731707314,11.135371179039302,13.214285714285715,68.66883116883116,26.315789473684212,5.979643765903308
2006-05-01,46.48760330578513,28.16326530612245,1.818181818181818,13.252032520325205,29.365853658536583,12.751091703056769,22.357142857142858,56.23376623376623,27.276887871853546,10.229007633587786
2006-06-01,56.19834710743802,20.535714285714285,1.8181818181818181,1.8292682926829267,7.073170731707317,4.9126637554585155,16.607142857142858,59.253246753246756,33.12356979405035,15.267175572519085
2006-07-01,56.92148760330579,20.025510204081634,1.8181818181818181,0.0,0.0,0.0,0.0,58.98268398268398,45.59496567505721,50.63613231552163
2006-08-01,61.942148760330575,27.29591836734694,1.7272727272727273,3.7398373983739837,1.6585365853658538,0.0,6.571428571428572,74.45887445887446,61.098398169336384,74.60559796437659
2006-09-01,46.12603305785124,12.563775510204081,3.8636363636363633,1.524390243902439,0.0,0.0,1.3392857142857144,57.52164502164502,67.90617848970251,56.93384223918575
2006-10-01,37.14876033057852,24.79591836734694,3.636363636363636,0.0,0.0,0.0,0.0,54.45887445887446,72.08237986270024,50.38167938931298
2006-11-01,34.76239669421488,31.9515306122449,4.431818181818182,0.0,0.0,0.0,0.0,47.294372294372295,71.05263157894737,50.38167938931298
2006-12-01,39.35950413223141,38.839285714285715,14.204545454545453,0.0,4.146341463414634,0.0,9.107142857142858,47.61904761904762,70.36613272311214,51.399491094147585
2007-01-01,32.06611570247934,38.01020408163266,27.45454545454545,0.0,1.8536585365853662,0.0,21.857142857142854,26.190476190476193,75.83524027459956,51.399491094147585
2007-02-01,24.483471074380166,28.443877551020407,37.84090909090909,0.7113821138211381,0.4878048780487805,0.0,29.017857142857146,19.534632034632036,76.25858123569795,51.781170483460556
2007-03-01,22.46900826446281,36.734693877551024,41.42045454545455,0.0,0.0,0.0,7.5,18.77705627705628,69.62242562929063,46.43765903307888
2007-04-01,3.512396694214876,55.484693877551024,55.05681818181818,0.0,0.0,0.0,1.875,3.0844155844155843,58.58123569794051,26.908396946564885
2007-05-01,0.9090909090909092,73.06122448979592,61.95454545454545,7.642276422764228,0.6829268292682926,0.0,7.071428571428572,0.3463203463203463,48.32951945080092,21.6793893129771
2007-06-01,0.46487603305785125,54.78316326530612,66.02272727272727,52.642276422764226,22.682926829268293,5.240174672489084,42.142857142857146,0.5952380952380952,44.90846681922197,2.4173027989821882
2007-07-01,0.08264462809917356,49.94897959183673,66.5909090909091,69.7560975609756,51.12195121951219,12.663755458515285,55.71428571428571,0.5194805194805194,48.60411899313501,5.089058524173028
2007-08-01,0.2066115702479339,50.191326530612244,66.5909090909091,51.72764227642276,34.26829268292683,14.192139737991267,46.60714285714286,1.8398268398268398,49.713958810068654,11.323155216284988
2007-09-01,0.4132231404958678,41.900510204081634,66.47727272727273,39.329268292682926,3.2926829268292686,41.04803493449782,42.94642857142857,1.4610389610389611,47.082379862700236,13.804071246819339
2007-10-01,0.9504132231404959,30.561224489795915,64.5,25.365853658536583,20.585365853658537,24.45414847161572,55.57142857142858,1.818181818181818,44.256292906178494,32.31552162849873
2007-11-01,9.555785123966942,20.854591836734695,60.90909090909091,12.09349593495935,8.170731707317074,4.8034934497816595,40.625,7.954545454545455,43.53546910755149,37.722646310432566
2007-12-01,10.330578512396695,29.27295918367347,56.47727272727272,1.3211382113821137,0.4878048780487805,0.0,22.94642857142857,8.062770562770563,43.02059496567506,38.67684478371501
2008-01-01,17.85123966942149,34.744897959183675,44.90909090909091,0.0,0.0,0.0,11.0,9.567099567099566,42.288329519450805,43.613231552162844
2008-02-01,26.91115702479339,35.01275510204081,28.46590909090909,0.0,0.0,0.0,6.25,10.876623376623376,41.93363844393593,50.12722646310433
2008-03-01,28.615702479338843,26.97704081632653,22.613636363636363,0.0,0.0,0.0,1.9642857142857144,6.818181818181818,37.81464530892448,52.48091603053435
2008-04-01,29.008264462809915,14.030612244897961,26.68181818181818,0.0,0.0,0.0,0.6428571428571429,5.4978354978354975,33.18077803203661,58.16793893129771
2008-05-01,25.516528925619834,21.875,33.97727272727272,0.0,0.0,0.0,0.35714285714285715,5.9523809523809526,27.45995423340961,62.277353689567434
2008-06-01,42.35537190082645,32.20663265306123,42.61363636363636,0.0,2.926829268292683,10.480349344978166,2.232142857142857,10.66017316017316,15.446224256292908,47.7735368956743
2008-07-01,45.6198347107438,14.846938775510205,47.90909090909091,0.0,2.8292682926829267,3.6681222707423586,2.2142857142857144,12.380952380952381,17.208237986270024,41.83206106870229
2008-08-01,33.47107438016529,7.461734693877551,53.125,9.959349593495935,4.634146341463415,0.0,4.821428571428571,10.38961038961039,21.39588100686499,51.27226463104326
2008-09-01,15.578512396694213,1.2244897959183674,56.31818181818181,30.8130081300813,14.048780487804876,0.17467248908296945,19.285714285714285,5.367965367965368,19.954233409610985,29.36386768447837
2008-10-01,14.204545454545455,5.612244897959184,56.81818181818181,34.75609756097561,18.414634146341463,0.9825327510917031,43.839285714285715,5.519480519480519,17.96338672768879,18.3206106870229
2008-11-01,18.026859504132233,3.826530612244898,51.13636363636363,34.34959349593496,20.0,0.4366812227074236,48.48214285714286,10.01082251082251,17.79176201372998,12.659033078880407
2008-12-01,20.743801652892564,8.214285714285714,53.86363636363636,31.54471544715447,18.146341463414636,0.0,43.78571428571429,18.571428571428573,20.59496567505721,10.687022900763358
2009-01-01,32.799586776859506,18.622448979591837,54.77272727272727,17.88617886178862,7.682926829268292,0.0,26.160714285714285,22.564935064935064,20.59496567505721,9.414758269720101
2009-02-01,48.14049586776859,28.38010204081633,55.45454545454545,0.0,2.1951219512195124,0.0,10.892857142857142,27.435064935064936,19.050343249427918,3.6259541984732824
2009-03-01,52.10743801652893,48.87755102040816,42.5,6.829268292682928,12.292682926829267,1.222707423580786,24.285714285714285,31.558441558441558,20.091533180778033,1.0178117048346056
2009-04-01,47.52066115702479,44.19642857142857,45.56818181818181,9.34959349593496,32.07317073170732,6.11353711790393,26.785714285714285,21.915584415584416,10.183066361556065,1.33587786259542
2009-05-01,38.58471074380165,36.798469387755105,46.36363636363636,0.7113821138211383,23.65853658536585,9.497816593886464,0.08928571428571429,2.867965367965368,4.347826086956522,0.44529262086513993
2009-06-01,34.17355371900827,0.9183673469387756,48.5,9.26829268292683,1.75609756097561,0.6986899563318778,0.0,14.761904761904763,2.9290617848970255,3.5114503816793894
2009-07-01,36.053719008264466,1.0841836734693877,48.86363636363636,7.926829268292683,1.0975609756097562,0.0,0.5357142857142857,20.887445887445885,0.0,7.124681933842239
2009-08-01,32.696280991735534,2.5510204081632653,49.03409090909091,10.975609756097562,0.0,0.0,0.0,7.359307359307359,0.0,13.295165394402035
2009-09-01,26.322314049586776,0.0,49.77272727272727,12.926829268292682,8.682926829268293,0.0,13.5,1.6017316017316017,0.0,9.720101781170483
2009-10-01,14.72107438016529,6.313775510204081,44.14772727272727,2.4390243902439024,10.24390243902439,0.5458515283842795,12.678571428571429,0.10822510822510822,0.0,1.9083969465648856
2009-11-01,11.208677685950413,11.160714285714286,42.21590909090909,1.2195121951219512,10.24390243902439,0.0,4.642857142857143,0.0,0.2288329519450801,0.0
2009-12-01,8.96694214876033,4.438775510204082,40.59090909090909,0.24390243902439024,3.024390243902439,0.0,1.1428571428571428,0.0,1.7391304347826089,2.2391857506361323
2010-01-01,7.179752066115703,0.5739795918367347,34.71590909090909,0.0,0.0,0.0,0.0,0.0,8.409610983981693,0.0
2010-02-01,2.169421487603306,0.0,14.09090909090909,0.0,0.0,0.0,0.0,0.0,17.96338672768879,0.0
2010-03-01,0.6611570247933884,0.0,11.727272727272727,0.0,0.0,0.0,0.0,0.0,27.82608695652174,0.0
2010-04-01,0.7231404958677686,0.8928571428571428,11.136363636363637,10.772357723577237,14.26829268292683,16.048034934497817,6.607142857142858,1.5692640692640691,28.661327231121284,0.6361323155216285
2010-05-01,3.254132231404959,0.0,8.46590909090909,15.142276422764228,15.24390243902439,10.1528384279476,5.357142857142857,0.974025974025974,23.34096109839817,0.0
2010-06-01,7.975206611570248,0.0,5.136363636363636,1.3008130081300813,9.75609756097561,14.148471615720524,1.9285714285714284,3.8095238095238093,17.7116704805492,0.0
2010-07-01,4.75206611570248,1.721938775510204,4.659090909090908,0.3048780487804878,30.121951219512194,6.550218340611353,13.660714285714286,3.625541125541125,8.638443935926775,0.0
2010-08-01,5.661157024793388,7.142857142857143,5.2272727272727275,5.284552845528455,18.73170731707317,7.59825327510917,16.714285714285715,12.251082251082252,8.466819221967963,1.1704834605597965
2010-09-01,6.095041322314049,13.137755102040817,5.2272727272727275,36.58536585365854,36.58536585365854,9.934497816593886,36.875,12.662337662337663,12.013729977116705,1.272264631043257
2010-10-01,9.50413223140496,28.06122448979592,4.204545454545455,32.82520325203252,19.390243902439025,1.091703056768559,43.214285714285715,9.794372294372295,17.04805491990847,0.0
2010-11-01,18.18181818181818,44.94897959183673,3.5454545454545454,31.46341463414634,18.829268292682926,0.5240174672489083,41.642857142857146,12.034632034632034,13.501144164759726,0.0
2010-12-01,39.41115702479339,61.86224489795919,2.897727272727273,3.7601626016260163,0.0,0.0,10.446428571428573,25.10822510822511,10.068649885583525,0.0
2011-01-01,36.72520661157024,68.75,0.056818181818181816,6.300813008130081,4.878048780487805,1.5283842794759825,13.214285714285715,30.357142857142854,8.180778032036613,0.0
2011-02-01,40.13429752066116,62.18112244897959,2.6136363636363638,4.979674796747967,10.0,6.11353711790393,28.571428571428573,36.47186147186147,7.151029748283753,0.0
2011-03-01,54.462809917355365,66.53061224489795,0.6818181818181818,2.5203252032520327,2.048780487804878,1.222707423580786,7.7142857142857135,48.57142857142857,4.393592677345538,0.0
2011-04-01,75.46487603305786,56.18622448979592,0.0,1.5243902439024388,0.0,0.0,0.08928571428571429,60.55194805194805,2.1739130434782608,0.0
2011-05-01,84.95867768595042,61.632653061224495,0.0,0.0,0.0,0.0,0.0,50.60606060606061,0.0,0.0
2011-06-01,91.63223140495867,76.59438775510205,0.6818181818181818,0.0,0.24390243902439024,0.0,0.0,54.70779220779221,0.0,0.0
2011-07-01,94.52479338842976,64.54081632653062,3.0681818181818183,2.845528455284553,16.46341463414634,6.113537117903931,0.7142857142857143,81.16883116883116,0.0,0.0
2011-08-01,96.85950413223141,45.30612244897959,2.4545454545454546,6.260162601626016,37.951219512195124,23.75545851528384,12.928571428571427,97.79220779220779,0.2745995423340961,0.0
2011-09-01,99.32851239669422,28.762755102040817,2.6704545454545454,1.5243902439024388,2.073170731707317,4.585152838427948,4.017857142857142,98.37662337662337,0.6292906178489703,0.0
2011-10-01,96.5909090909091,25.38265306122449,2.5,0.0,0.0,0.8733624454148472,0.35714285714285715,96.1038961038961,0.28604118993135014,2.7353689567430024
2011-11-01,92.39669421487604,23.265306122448983,2.6363636363636362,0.0,0.0,0.0,0.0,77.22943722943724,0.0,7.837150127226463
2011-12-01,82.1797520661157,26.211734693877553,8.068181818181818,0.0,0.0,1.3100436681222707,0.0,53.896103896103895,0.0,16.47582697201018
2012-01-01,75.6611570247934,49.183673469387756,29.31818181818182,0.0,0.0,4.366812227074236,0.0,50.77922077922078,2.608695652173913,27.989821882951656
2012-02-01,65.80578512396694,69.7704081632653,36.93181818181818,0.0,0.0,6.004366812227075,0.0,44.58874458874459,3.4324942791762014,28.75318066157761
2012-03-01,60.27892561983471,66.07142857142858,50.28409090909091,0.0,8.048780487804878,9.497816593886464,1.0714285714285714,28.354978354978357,3.4324942791762014,26.463104325699746
2012-04-01,49.018595041322314,78.89030612244898,44.82954545454545,0.0,31.46341463414634,23.90829694323144,6.964285714285714,12.878787878787879,10.469107551487415,24.87277353689567
2012-05-01,42.89256198347108,76.83673469387756,37.54545454545455,3.2520325203252027,17.658536585365855,13.187772925764193,2.6428571428571432,15.194805194805195,19.908466819221967,12.926208651399492
2012-06-01,41.06404958677686,35.650510204081634,37.72727272727273,32.11382113821138,2.926829268292683,4.039301310043668,13.660714285714286,25.865800865800864,36.2700228832952,11.641221374045802
2012-07-01,43.388429752066116,5.76530612244898,38.90909090909091,78.9430894308943,28.975609756097562,39.388646288209614,27.428571428571427,62.07792207792208,60.183066361556065,28.244274809160306
2012-08-01,45.247933884297524,2.678571428571429,40.625,65.65040650406505,18.170731707317074,51.091703056768566,5.982142857142858,92.58658008658008,66.64759725400458,34.096692111959285
2012-09-01,50.671487603305785,0.0,41.13636363636363,57.11382113821138,12.804878048780488,37.66375545851528,4.553571428571429,94.04761904761905,79.23340961098398,52.41730279898219
2012-10-01,40.86776859504132,0.0,41.5,38.13008130081301,4.975609756097561,21.65938864628821,0.6428571428571429,86.53679653679654,80.04576659038902,61.984732824427475
2012-11-01,47.985537190082646,3.0612244897959187,41.98863636363636,14.227642276422763,0.0,11.572052401746726,1.1607142857142858,88.74458874458875,79.69107551487414,47.70992366412214
2012-12-01,59.09090909090909,11.096938775510205,35.17045454545455,9.75609756097561,0.0,13.8646288209607,7.767857142857143,92.53246753246754,80.77803203661328,44.656488549618324
2013-01-01,54.54545454545455,18.877551020408163,32.13636363636364,7.154471544715447,0.0,5.240174672489083,5.428571428571429,93.41991341991343,81.6933638443936,38.16793893129771
2013-02-01,50.82644628099173,36.41581632653061,34.09090909090909,1.6260162601626016,0.0,6.222707423580786,0.35714285714285715,89.66450216450217,79.46224256292906,34.9236641221374
2013-03-01,55.268595041322314,34.119897959183675,37.61363636363636,0.0,0.0,6.550218340611354,0.08928571428571429,76.46103896103895,78.26086956521739,34.9236641221374
2013-04-01,63.14049586776859,28.11224489795918,40.86363636363636,1.3821138211382114,16.975609756097562,8.733624454148472,4.928571428571429,60.519480519480524,72.95194508009153,25.19083969465649
2013-05-01,63.17148760330579,11.224489795918368,55.45454545454545,2.9471544715447155,16.341463414634145,13.537117903930131,19.107142857142858,50.21645021645022,65.04576659038902,11.704834605597965
2013-06-01,58.78099173553719,4.910714285714286,60.22727272727273,2.845528455284553,13.536585365853659,2.7292576419213974,9.375,38.582251082251084,56.235697940503435,2.162849872773537
2013-07-01,61.942148760330575,0.10204081632653061,66.27272727272728,0.16260162601626016,0.4878048780487805,0.0,1.0,40.12987012987013,55.69794050343249,1.272264631043257
2013-08-01,57.231404958677686,0.0,68.23863636363636,0.0,1.3414634146341462,0.0,0.0,27.5974025974026,56.350114416475975,10.94147582697201
2013-09-01,53.925619834710744,0.0,67.72727272727272,2.2357723577235773,11.097560975609756,1.3100436681222707,0.0,36.417748917748916,50.34324942791763,17.111959287531807
2013-10-01,37.85123966942149,1.2755102040816326,65.68181818181817,0.4878048780487805,12.78048780487805,13.362445414847162,0.2857142857142857,26.883116883116884,25.629290617848973,5.699745547073791
2013-11-01,32.799586776859506,6.505102040816327,67.32954545454545,0.4065040650406504,19.024390243902438,16.593886462882097,5.892857142857142,22.24025974025974,16.018306636155607,2.035623409669211
2013-12-01,30.619834710743806,6.530612244897959,68.95454545454545,0.24390243902439024,20.975609756097562,15.72052401746725,4.2142857142857135,24.112554112554115,14.279176201372996,1.6284987277353689
2014-01-01,31.146694214876035,5.803571428571429,77.10227272727272,0.0,9.512195121951219,6.331877729257642,0.8035714285714286,28.67965367965368,13.558352402745996,1.5267175572519083
2014-02-01,37.654958677685954,1.2755102040816326,83.4090909090909,0.0,4.7560975609756095,2.4017467248908297,0.17857142857142858,37.93290043290043,9.610983981693364,1.5267175572519083
2014-03-01,42.09710743801653,0.38265306122448983,86.64772727272728,0.0,0.4878048780487805,1.3100436681222707,0.0,48.53896103896104,5.2631578947368425,1.5267175572519083
2014-04-01,49.54545454545455,0.10204081632653061,88.86363636363636,0.0,0.0,0.0,1.7142857142857142,58.52813852813853,1.876430205949657,0.30534351145038163
2014-05-01,58.316115702479344,2.3596938775510203,90.9090909090909,0.0,0.4878048780487805,0.0,14.107142857142858,70.50865800865802,0.6864988558352403,0.0
2014-06-01,47.727272727272734,2.6785714285714284,92.1590909090909,0.0,0.0,0.0,1.6964285714285714,67.74891774891775,1.3729977116704806,0.0
2014-07-01,41.77685950413223,1.2244897959183674,95.72727272727272,0.24390243902439024,0.0,0.5240174672489083,1.9285714285714284,57.48917748917749,2.242562929061785,0.05089058524173028
2014-08-01,40.23760330578513,5.612244897959184,99.6590909090909,1.524390243902439,0.0,1.4192139737991267,2.767857142857143,47.40259740259741,2.9748283752860414,0.5089058524173028
2014-09-01,38.18181818181818,8.469387755102042,99.04545454545455,1.951219512195122,4.878048780487805,6.986899563318778,6.571428571428572,47.61904761904762,1.0068649885583525,0.0
2014-10-01,33.67768595041322,5.038265306122449,98.86363636363636,3.556910569105691,7.195121951219512,13.100436681222709,5.178571428571429,50.108225108225106,0.4576659038901602,1.2086513994910941
2014-11-01,31.456611570247937,5.357142857142858,97.5,0.3048780487804878,9.878048780487806,13.537117903930131,0.8035714285714286,46.42857142857143,0.4576659038901602,6.488549618320611
2014-12-01,30.289256198347108,3.5204081632653064,93.95454545454545,0.0,17.658536585365855,10.655021834061134,0.8571428571428571,44.02597402597402,0.4576659038901602,15.979643765903308
2015-01-01,28.615702479338843,2.74234693877551,92.67045454545455,0.1016260162601626,21.46341463414634,5.458515283842795,0.35714285714285715,46.374458874458874,0.7437070938215103,18.320610687022903
2015-02-01,29.545454545454547,6.25,91.30681818181817,3.1504065040650406,26.829268292682926,7.860262008733624,1.6964285714285714,51.62337662337662,3.661327231121282,19.84732824427481
2015-03-01,28.471074380165287,8.010204081632654,90.68181818181817,0.8130081300813007,24.292682926829265,14.934497816593886,0.21428571428571427,53.896103896103895,6.407322654462243,24.631043256997454
2015-04-01,23.91528925619835,8.16326530612245,91.70454545454545,2.0325203252032518,19.756097560975608,29.475982532751093,0.0,50.811688311688314,10.869565217391305,27.290076335877863
2015-05-01,12.035123966942148,4.336734693877551,92.10227272727272,5.3861788617886175,22.926829268292682,41.375545851528386,4.017857142857143,24.945887445887443,10.068649885583525,15.39440203562341
2015-06-01,1.4462809917355373,12.19387755102041,93.27272727272728,5.691056910569106,8.0,27.16157205240175,10.5,0.9956709956709957,6.407322654462243,2.8498727735368954
2015-07-01,1.3429752066115703,18.877551020408163,93.125,0.0,0.0,8.406113537117903,0.0,0.10822510822510822,4.862700228832953,2.926208651399491
2015-08-01,12.448347107438018,16.45408163265306,92.61363636363636,4.0650406504065035,5.731707317073171,9.497816593886464,0.5357142857142857,4.5995670995671,4.405034324942792,2.3536895674300253
2015-09-01,20.537190082644628,12.040816326530614,92.5,8.699186991869919,16.585365853658537,25.676855895196507,18.928571428571427,12.164502164502164,5.858123569794051,2.900763358778626
2015-10-01,28.82231404958678,5.1020408163265305,92.5,13.109756097560975,10.609756097560975,15.829694323144105,13.125,21.374458874458874,10.068649885583525,9.796437659033078
2015-11-01,2.7892561983471076,5.86734693877551,92.04545454545455,5.691056910569106,6.097560975609756,14.847161572052403,11.071428571428571,12.770562770562771,13.844393592677346,12.27735368956743
2015-12-01,0.7851239669421488,3.163265306122449,91.4090909090909,14.552845528455284,12.292682926829269,20.87336244541485,4.857142857142857,0.6060606060606061,14.553775743707096,12.264631043256998
2016-01-01,0.4132231404958678,2.997448979591837,89.54545454545453,1.1178861788617886,8.78048780487805,21.2882096069869,4.910714285714286,0.0,19.279176201372998,9.287531806615776
2016-02-01,4.390495867768595,0.06377551020408163,85.9090909090909,0.0,4.512195121951219,16.375545851528386,2.053571428571429,0.21645021645021645,20.65217391304348,15.521628498727736
2016-03-01,4.669421487603306,4.744897959183673,82.5909090909091,0.0,1.951219512195122,0.17467248908296945,2.0714285714285716,9.913419913419913,21.006864988558355,23.8676844783715
2016-04-01,5.1652892561983474,2.0408163265306123,77.04545454545455,0.0,17.317073170731707,4.366812227074236,19.375,17.424242424242422,11.384439359267734,22.328244274809162
2016-05-01,1.2396694214876034,0.9183673469387756,71.45454545454545,0.0,32.58536585365853,17.64192139737991,10.285714285714286,1.4285714285714284,5.949656750572083,5.292620865139949
2016-06-01,0.2582644628099174,0.0,69.375,15.447154471544714,30.609756097560975,36.462882096069876,0.35714285714285715,2.5974025974025974,9.496567505720824,4.262086513994911
2016-07-01,3.4607438016528924,1.2755102040816326,69.54545454545455,34.349593495934954,44.756097560975604,66.04803493449782,0.8035714285714286,8.54978354978355,15.160183066361558,4.643765903307888
2016-08-01,6.776859504132231,3.2142857142857144,69.54545454545455,40.40650406504065,43.02439024390244,72.40174672489084,1.0714285714285716,10.64935064935065,20.732265446224257,3.4605597964376593
2016-09-01,1.2913223140495869,1.7219387755102042,70.22727272727272,28.760162601626014,41.829268292682926,81.22270742358079,18.482142857142858,13.203463203463203,22.940503432494282,2.162849872773537
2016-10-01,6.25,5.165816326530612,69.14772727272727,6.504065040650406,32.926829268292686,92.57641921397381,17.053571428571427,15.584415584415584,12.757437070938215,0.2544529262086514
2016-11-01,11.776859504132231,15.918367346938776,64.9090909090909,11.21951219512195,42.24390243902439,85.41484716157206,10.642857142857142,27.316017316017316,13.043478260869566,3.61323155216285
2016-12-01,5.9400826446281,21.556122448979593,63.23863636363636,16.5650406504065,45.609756097560975,66.8122270742358,10.892857142857144,42.532467532467535,13.558352402745996,4.007633587786259
2017-01-01,4.338842975206612,18.367346938775512,42.31818181818181,1.2195121951219512,39.21951219512195,51.528384279475986,2.357142857142857,48.52813852813853,8.375286041189932,1.5267175572519083
2017-02-01,3.6673553719008267,21.173469387755105,17.15909090909091,0.1016260162601626,33.048780487804876,31.877729257641924,0.26785714285714285,42.42424242424242,5.491990846681922,1.5267175572519083
2017-03-01,9.555785123966942,30.73979591836735,7.5,0.0,26.95121951219512,15.720524017467248,1.6071428571428572,46.103896103896105,5.663615560640733,1.5267175572519083
2017-04-01,3.047520661157025,37.88265306122449,7.5,0.0,16.21951219512195,5.349344978165939,2.3214285714285716,23.917748917748916,5.720823798627002,2.099236641221374
2017-05-01,5.702479338842975,51.02040816326531,7.5,0.0,4.97560975609756,0.17467248908296945,0.35714285714285715,3.116883116883117,1.8306636155606408,12.671755725190838
2017-06-01,5.371900826446281,13.520408163265307,7.5,2.947154471544715,1.2195121951219512,0.0,1.6071428571428572,7.575757575757575,1.6590389016018308,55.02544529262086
2017-07-01,6.818181818181818,0.0,7.613636363636363,0.2032520325203252,0.36585365853658536,0.6550218340611353,1.0714285714285714,12.554112554112553,6.407322654462243,66.98473282442748
2017-08-01,3.884297520661157,0.05102040816326531,6.909090909090909,0.7317073170731707,0.0,0.8733624454148472,0.0,6.45021645021645,5.217391304347826,69.10941475826971
2017-09-01,3.7706611570247937,0.0,6.818181818181818,4.776422764227642,2.926829268292683,2.183406113537118,1.875,4.978354978354979,7.093821510297483,57.12468193384224
2017-10-01,4.380165289256199,0.0,6.818181818181818,26.422764227642272,14.926829268292682,13.537117903930133,7.142857142857143,8.13852813852814,4.25629290617849,33.536895674300254
2017-11-01,15.90909090909091,6.63265306122449,7.784090909090908,3.9634146341463414,3.5365853658536586,0.2183406113537118,0.08928571428571429,18.18181818181818,3.4324942791762014,31.806615776081422
2017-12-01,22.675619834710744,10.52295918367347,12.102272727272727,0.0,14.634146341463413,7.969432314410481,6.071428571428571,41.17965367965368,4.977116704805492,39.94910941475827
2018-01-01,28.677685950413224,15.867346938775512,16.545454545454543,0.0,24.878048780487806,12.925764192139738,5.642857142857143,54.54545454545455,7.093821510297483,40.10178117048346
2018-02-01,40.392561983471076,10.586734693877553,34.03409090909091,0.0,10.24390243902439,3.056768558951965,1.25,65.74675324675324,6.006864988558353,42.1119592875318
2018-03-01,35.64049586776859,17.028061224489797,34.82954545454545,0.0,0.0,0.0,0.0,42.96536796536796,4.805491990846683,39.63104325699745
2018-04-01,32.38636363636364,21.875,27.84090909090909,0.0,0.12195121951219512,0.0,0.0,43.506493506493506,3.7185354691075516,29.643765903307887
2018-05-01,29.958677685950413,11.428571428571427,28.636363636363637,0.0,0.0,0.0,0.0,42.25108225108225,3.6613272311212817,34.30025445292621
2018-06-01,31.198347107438018,0.0,30.852272727272727,0.0,0.0,10.37117903930131,0.0,40.692640692640694,3.832951945080092,27.099236641221374
2018-07-01,32.97520661157024,0.0,34.909090909090914,2.5203252032520327,0.1951219512195122,31.790393013100434,0.0,37.142857142857146,5.766590389016018,5.750636132315522
2018-08-01,38.22314049586777,0.06377551020408163,35.625,4.573170731707317,0.12195121951219512,21.943231441048034,0.0,28.896103896103895,8.638443935926773,19.21119592875318
2018-09-01,23.7603305785124,0.0,36.98863636363636,0.6097560975609756,0.0,17.139737991266376,0.0,14.502164502164502,10.869565217391305,35.6234096692112
2018-10-01,6.03305785123967,3.214285714285714,36.0,0.0,0.0,14.585152838427948,0.0,3.41991341991342,13.043478260869566,29.36386768447837
2018-11-01,0.6714876033057852,10.012755102040817,42.78409090909091,0.0,0.0,5.458515283842795,0.0,2.813852813852814,13.157894736842106,20.801526717557252
2018-12-01,1.3946280991735538,12.627551020408163,42.72727272727273,0.0,0.0,3.493449781659389,0.0,7.846320346320346,13.043478260869566,13.486005089058525
2019-01-01,2.066115702479339,13.418367346938775,36.90909090909091,0.0,0.0,0.4366812227074236,0.0,0.2597402597402597,14.73684210526316,10.229007633587786
2019-02-01,8.935950413223141,3.316326530612245,11.704545454545453,0.0,0.0,0.0,0.0,1.6774891774891776,16.247139588100687,3.435114503816794
2019-03-01,11.8801652892562,2.74234693877551,1.8181818181818181,0.0,0.0,0.0,0.0,1.2445887445887447,10.469107551487415,0.0
2019-04-01,7.190082644628099,8.316326530612246,1.409090909090909,0.0,0.0,0.5240174672489083,1.0714285714285716,0.30303030303030304,6.1784897025171635,1.83206106870229
2019-05-01,0.5681818181818182,7.01530612244898,1.3636363636363635,0.0,0.0,0.0,0.0,0.10822510822510822,2.8604118993135015,4.134860050890585
2019-06-01,1.2913223140495869,10.714285714285715,0.9090909090909091,0.0,0.0,0.0,0.0,0.0,0.5720823798627003,14.376590330788805
2019-07-01,2.603305785123967,3.7244897959183674,0.909090909090909,0.0,0.0,0.0,0.0,1.2987012987012987,0.41189931350114417,9.465648854961831
2019-08-01,19.78305785123967,2.104591836734694,1.534090909090909,4.268292682926829,0.0,4.475982532751091,4.9107142857142865,15.90909090909091,2.059496567505721,8.078880407124682
2019-09-01,28.460743801652892,7.079081632653061,2.5,12.195121951219512,7.926829268292682,6.004366812227074,21.69642857142857,12.770562770562771,5.034324942791763,0.8269720101781171
2019-10-01,29.586776859504134,22.346938775510203,3.2272727272727266,36.829268292682926,25.17073170731707,7.860262008733625,40.57142857142857,8.7012987012987,3.9359267734553773,0.0
2019-11-01,21.332644628099175,19.260204081632654,16.136363636363637,2.6422764227642275,0.6097560975609756,0.4366812227074236,0.625,7.575757575757576,3.4324942791762014,0.0
2019-12-01,20.785123966942148,16.428571428571427,4.590909090909091,0.0,0.0,0.0,0.0,11.255411255411255,3.8901601830663615,0.0
2020-01-01,21.797520661157026,7.3979591836734695,2.6136363636363633,0.0,0.0,0.0,0.0,7.62987012987013,5.491990846681922,0.0
2020-02-01,17.66528925619835,9.247448979591837,14.375,0.0,0.0,0.0,0.0,4.707792207792208,2.1167048054919912,0.0
2020-03-01,14.87603305785124,21.73469387755102,26.909090909090907,0.0,0.0,0.7860262008733625,0.0,2.987012987012987,0.2745995423340961,0.5089058524173028
2020-04-01,11.053719008264462,45.4719387755102,26.193181818181817,0.0,0.0,0.0,0.0,3.0844155844155843,0.4576659038901602,5.34351145038168
2020-05-01,11.053719008264464,30.102040816326532,29.09090909090909,0.0,0.0,3.056768558951965,0.0,8.603896103896105,5.434782608695652,15.267175572519083
2020-06-01,16.528925619834713,3.112244897959184,29.136363636363637,2.7642276422764227,3.1219512195121952,16.85589519650655,0.14285714285714285,21.03896103896104,24.713958810068654,26.717557251908396
2020-07-01,21.952479338842977,1.211734693877551,29.943181818181817,33.536585365853654,38.90243902439024,46.506550218340614,12.5,26.352813852813853,35.1258581235698,18.447837150127228
2020-08-01,28.615702479338843,2.423469387755102,34.60227272727273,34.857723577235774,40.0,34.49781659388647,5.357142857142858,14.502164502164502,46.73913043478261,17.493638676844782
2020-09-01,26.942148760330575,0.20408163265306123,41.81818181818181,11.951219512195122,36.0,30.04366812227074,1.5714285714285716,12.857142857142858,53.82151029748284,27.328244274809162
2020-10-01,27.427685950413224,0.0,45.45454545454545,15.955284552845528,67.4390243902439,50.76419213973799,6.428571428571429,22.456709956709958,61.72768878718536,44.402035623409674
2020-11-01,44.16322314049587,0.12755102040816327,49.090909090909086,3.048780487804878,50.48780487804878,42.030567685589524,2.678571428571429,14.826839826839828,61.212814645308924,51.463104325699746
2020-12-01,53.884297520661164,2.0918367346938775,65.18181818181817,2.195121951219512,35.70731707317073,35.28384279475983,1.4285714285714286,18.138528138528137,60.503432494279174,62.6972010178117
2021-01-01,36.828512396694215,3.50765306122449,70.9090909090909,3.252032520325203,5.365853658536585,21.397379912663755,0.0,10.443722943722943,61.38443935926774,62.786259541984734
2021-02-01,35.07231404958678,9.502551020408163,62.89772727272727,5.691056910569106,1.4634146341463414,19.323144104803493,0.0,9.469696969696969,64.35926773455378,63.99491094147583
2021-03-01,43.71900826446281,9.642857142857142,64.81818181818183,19.34959349593496,7.51219512195122,25.414847161572055,1.8571428571428572,13.593073593073592,56.52173913043479,75.36895674300254
2021-04-01,47.72727272727273,10.331632653061224,73.69318181818181,26.321138211382113,17.195121951219512,43.12227074235808,3.303571428571429,17.532467532467532,53.37528604118994,93.63867684478372
2021-05-01,28.09917355371901,5.612244897959183,86.875,9.959349593495935,18.536585365853657,22.489082969432317,2.7678571428571432,12.337662337662337,46.16704805491991,97.39185750636133
2021-06-01,10.330578512396695,10.66326530612245,93.0909090909091,5.609756097560975,7.512195121951218,25.676855895196507,10.428571428571429,4.978354978354979,48.19221967963387,95.7760814249364
2021-07-01,2.7376033057851243,0.19132653061224492,94.94318181818181,2.4390243902439024,2.4390243902439024,17.139737991266376,3.0357142857142856,2.1103896103896105,60.6979405034325,90.07633587786259
2021-08-01,1.6528925619834713,0.0,98.0,5.365853658536585,2.926829268292683,3.1441048034934496,27.642857142857146,3.8095238095238093,65.03432494279176,96.53944020356235
2021-09-01,6.766528925619835,0.0,97.1590909090909,2.5406504065040645,0.0,2.6200873362445414,3.035714285714286,22.673160173160174,66.24713958810068,89.3765903307888
2021-10-01,13.99793388429752,0.9566326530612245,96.42045454545455,1.3211382113821137,0.0,4.039301310043668,4.017857142857142,35.55194805194805,66.4187643020595,70.92875318066157
2021-11-01,23.34710743801653,0.6122448979591837,92.63636363636364,0.0,0.0,0.0,5.5,29.653679653679653,61.73913043478261,55.31806615776081
2021-12-01,36.311983471074385,3.762755102040816,86.19318181818181,0.0,4.268292682926829,0.0,18.30357142857143,50.48701298701299,62.92906178489703,50.5089058524173
2022-01-01,54.85537190082645,5.803571428571429,61.64772727272727,0.0,5.48780487804878,0.0,3.2142857142857144,65.58441558441558,62.070938215102984,42.68447837150127
2022-02-01,52.47933884297521,11.479591836734695,61.13636363636363,0.0,7.317073170731708,2.5109170305676853,0.0,67.47835497835497,62.4141876430206,40.01272264631043
2022-03-01,60.537190082644635,26.68367346938776,72.4090909090909,0.0,13.365853658536585,2.620087336244542,2.5,64.54545454545455,63.75286041189931,30.127226463104325
2022-04-01,65.3409090909091,16.135204081632654,76.64772727272727,0.0,10.975609756097562,0.5458515283842795,21.07142857142857,55.573593073593074,63.38672768878719,26.081424936386767
2022-05-01,63.925619834710744,11.887755102040817,81.0909090909091,0.0,1.6585365853658538,2.3580786026200875,9.142857142857142,41.38528138528138,55.83524027459955,9.872773536895675
2022-06-01,61.46694214876033,4.464285714285714,83.86363636363636,1.0162601626016259,1.2195121951219512,3.930131004366812,1.5178571428571428,21.482683982683984,42.67734553775744,0.44529262086513993
2022-07-01,70.76446280991736,3.2525510204081636,84.0340909090909,8.23170731707317,16.21951219512195,18.013100436681224,2.142857142857143,48.53896103896104,41.247139588100694,0.1272264631043257
2022-08-01,69.0495867768595,3.4693877551020407,81.68181818181817,2.3577235772357725,24.78048780487805,34.8471615720524,0.42857142857142855,73.24675324675324,40.411899313501145,4.427480916030534
2022-09-01,37.861570247933884,4.783163265306122,79.94318181818181,2.1341463414634143,18.902439024390244,29.03930131004367,0.0,75.5952380952381,37.75743707093822,29.452926208651398
2022-10-01,46.17768595041323,9.821428571428571,79.6590909090909,24.59349593495935,4.024390243902439,12.77292576419214,1.25,87.12121212121212,36.327231121281464,51.33587786259542
2022-11-01,41.69421487603306,21.479591836734695,77.77272727272728,50.24390243902439,4.195121951219512,11.353711790393014,4.714285714285714,80.43290043290042,39.45080091533181,56.59033078880407
2022-12-01,33.006198347107436,23.788265306122447,73.86363636363636,37.296747967479675,0.24390243902439024,6.441048034934498,0.17857142857142858,74.45887445887446,37.4141876430206,52.54452926208651
2023-01-01,34.50413223140496,22.19387755102041,55.18181818181817,12.276422764227641,0.1951219512195122,4.62882096069869,1.642857142857143,72.5108225108225,33.86727688787185,48.600508905852415
2023-02-01,36.5702479338843,28.89030612244898,45.90909090909091,2.1341463414634148,1.4634146341463414,2.183406113537118,4.017857142857143,59.68614718614719,26.945080091533182,45.92875318066158
2023-03-01,41.993801652892564,46.36479591836735,23.068181818181817,0.0,2.1951219512195124,0.8733624454148472,0.0,47.67316017316017,24.02745995423341,37.786259541984734
2023-04-01,42.35537190082645,53.44387755102041,12.84090909090909,0.0,8.292682926829269,2.183406113537118,4.464285714285714,46.86147186147186,22.31121281464531,29.643765903307887
