,California,Florida,New York,North Dakota,Ohio,Oklahoma,Pennsylvania,Texas,West Virginia,Wyoming
2001-01-01,200.0,6722.0,2453.0,2585.0,11493.0,3162.0,10889.0,11684.0,8534.0,3882.0
2001-02-01,184.0,5359.0,2158.0,2374.0,10019.0,2913.0,8442.0,10237.0,7215.0,3627.0
2001-03-01,102.0,5174.0,2272.0,2569.0,11134.0,2413.0,9896.0,11004.0,6851.0,3956.0
2001-04-01,206.0,5112.0,1809.0,2203.0,9553.0,2299.0,8394.0,9767.0,6185.0,3327.0
2001-05-01,200.0,5829.0,1690.0,2213.0,9658.0,2964.0,8432.0,11449.0,6592.0,3270.0
2001-06-01,216.0,6199.0,2001.0,2115.0,10249.0,3011.0,9014.0,12313.0,7089.0,3480.0
2001-07-01,224.0,6341.0,2235.0,2556.0,11086.0,3111.0,10270.0,13218.0,7838.0,3909.0
2001-08-01,226.0,6333.0,2361.0,2688.0,11796.0,3363.0,10704.0,12780.0,8006.0,3690.0
2001-09-01,183.0,5595.0,1531.0,2211.0,9740.0,2792.0,8998.0,11579.0,5764.0,2815.0
2001-10-01,137.0,5607.0,1708.0,2241.0,9498.0,2764.0,8819.0,9736.0,5208.0,3496.0
2001-11-01,143.0,4706.0,1410.0,2385.0,9411.0,2875.0,8508.0,9897.0,4716.0,3683.0
2001-12-01,211.0,5250.0,1804.0,2736.0,10577.0,2949.0,9535.0,11434.0,6218.0,3655.0
2002-01-01,203.0,5757.0,1912.0,2689.0,11094.0,3306.0,10162.0,12124.0,8164.0,3705.0
2002-02-01,184.0,4889.0,1556.0,2310.0,9727.0,2433.0,8715.0,10718.0,7779.0,3371.0
2002-03-01,213.0,4424.0,1724.0,2650.0,11113.0,2796.0,8600.0,10330.0,7630.0,3800.0
2002-04-01,158.0,4344.0,1612.0,2156.0,10193.0,2399.0,8266.0,10337.0,6722.0,2937.0
2002-05-01,166.0,5490.0,1591.0,2207.0,11059.0,2883.0,8250.0,12287.0,7317.0,3115.0
2002-06-01,205.0,5623.0,1901.0,2292.0,11827.0,3082.0,9148.0,12765.0,7724.0,2940.0
2002-07-01,204.0,6457.0,2000.0,2597.0,12577.0,3431.0,10899.0,13224.0,8695.0,3686.0
2002-08-01,208.0,6530.0,2264.0,2516.0,11937.0,3343.0,10811.0,13228.0,8167.0,3653.0
2002-09-01,202.0,5798.0,2179.0,2347.0,10686.0,2996.0,9342.0,12169.0,6835.0,3628.0
2002-10-01,217.0,5687.0,2181.0,2594.0,10549.0,2863.0,9419.0,11023.0,7732.0,3598.0
2002-11-01,158.0,4946.0,2101.0,2588.0,10503.0,3059.0,9397.0,10829.0,7746.0,3551.0
2002-12-01,208.0,5981.0,2218.0,2665.0,11687.0,3374.0,10899.0,12812.0,8440.0,3939.0
2003-01-01,211.0,6484.0,2251.0,2745.0,12272.0,3326.0,10922.0,13571.0,8550.0,3973.0
2003-02-01,195.0,5332.0,2114.0,2358.0,10811.0,2886.0,9207.0,10670.0,8137.0,3479.0
2003-03-01,182.0,4889.0,2012.0,2705.0,10740.0,2950.0,9224.0,10129.0,7401.0,3697.0
2003-04-01,124.0,4942.0,1747.0,2081.0,9622.0,2832.0,8858.0,11155.0,7109.0,2993.0
2003-05-01,168.0,6213.0,1539.0,2045.0,10672.0,2974.0,8539.0,12438.0,7589.0,3073.0
2003-06-01,198.0,6019.0,1835.0,2223.0,10604.0,3041.0,9161.0,12899.0,7858.0,3315.0
2003-07-01,216.0,6469.0,2212.0,2665.0,11744.0,3534.0,10519.0,13216.0,7844.0,3776.0
2003-08-01,210.0,6373.0,2072.0,2728.0,12447.0,3298.0,10847.0,13346.0,8406.0,3622.0
2003-09-01,214.0,5842.0,1930.0,2220.0,10972.0,2794.0,9636.0,12745.0,7169.0,3460.0
2003-10-01,206.0,4690.0,1893.0,2372.0,11733.0,2930.0,9248.0,12373.0,7347.0,3481.0
2003-11-01,201.0,4811.0,1889.0,2554.0,11301.0,2768.0,9230.0,11768.0,7149.0,3677.0
2003-12-01,202.0,5610.0,2086.0,2732.0,11851.0,3342.0,10618.0,12681.0,7909.0,3793.0
2004-01-01,210.0,5934.0,2076.0,2560.0,12181.0,3311.0,10535.0,13129.0,8804.0,3818.0
2004-02-01,211.0,4849.0,2156.0,2377.0,10199.0,2988.0,10036.0,11855.0,7353.0,3587.0
2004-03-01,207.0,4694.0,2001.0,2336.0,10187.0,2225.0,9945.0,10320.0,7483.0,3645.0
2004-04-01,79.0,4355.0,1762.0,1974.0,9240.0,1886.0,9009.0,10760.0,5763.0,3251.0
2004-05-01,164.0,5626.0,1747.0,2146.0,10669.0,2276.0,8694.0,13111.0,6352.0,2782.0
2004-06-01,192.0,6075.0,1994.0,2391.0,11197.0,2933.0,9162.0,12706.0,7406.0,3535.0
2004-07-01,218.0,5988.0,2136.0,2532.0,11419.0,3348.0,10546.0,13643.0,8360.0,3664.0
2004-08-01,208.0,6017.0,2039.0,2453.0,10849.0,3249.0,10660.0,13633.0,8007.0,3917.0
2004-09-01,186.0,5018.0,1924.0,2119.0,10275.0,3097.0,9253.0,13138.0,7001.0,3890.0
2004-10-01,174.0,5073.0,1698.0,2171.0,10542.0,2624.0,8397.0,12035.0,6345.0,3643.0
2004-11-01,150.0,5195.0,1569.0,2439.0,9727.0,2944.0,9934.0,11058.0,6944.0,3807.0
2004-12-01,239.0,6037.0,1750.0,2565.0,11672.0,2921.0,11006.0,13498.0,7766.0,3807.0
2005-01-01,159.0,5641.0,1689.0,2652.0,12539.0,3340.0,10305.0,13524.0,7859.0,3734.0
2005-02-01,164.0,4465.0,1625.0,2501.0,10620.0,2982.0,9869.0,11397.0,7187.0,3423.0
2005-03-01,183.0,4111.0,1793.0,2466.0,11819.0,2933.0,11226.0,11383.0,7508.0,3713.0
2005-04-01,156.0,3969.0,1533.0,2045.0,9274.0,2337.0,8842.0,10163.0,6318.0,3049.0
2005-05-01,172.0,5381.0,1110.0,2425.0,9529.0,3057.0,9041.0,12743.0,6727.0,2835.0
2005-06-01,189.0,5546.0,1704.0,2175.0,11712.0,3214.0,10344.0,13005.0,7724.0,3674.0
2005-07-01,200.0,5769.0,2046.0,2728.0,12684.0,3461.0,11494.0,13266.0,8391.0,3818.0
2005-08-01,180.0,5779.0,1987.0,2731.0,12479.0,3379.0,11587.0,13474.0,8963.0,4037.0
2005-09-01,178.0,5664.0,1843.0,2546.0,11279.0,3098.0,9873.0,12727.0,8025.0,3609.0
2005-10-01,176.0,5206.0,1664.0,2638.0,11351.0,2761.0,8883.0,11614.0,7502.0,3887.0
2005-11-01,180.0,5235.0,1702.0,2609.0,11524.0,2664.0,9085.0,12005.0,7435.0,3747.0
2005-12-01,197.0,5749.0,1902.0,2743.0,12014.0,3083.0,10385.0,13059.0,7779.0,3820.0
2006-01-01,194.0,5821.0,1855.0,2619.0,11426.0,2603.0,10446.0,12759.0,7940.0,3922.0
2006-02-01,177.0,5069.0,1795.0,2484.0,11115.0,2650.0,9607.0,10513.0,8100.0,3441.0
2006-03-01,151.0,4614.0,1883.0,2444.0,10770.0,3023.0,10740.0,10465.0,8271.0,3904.0
2006-04-01,160.0,4655.0,1567.0,2172.0,10151.0,2100.0,8939.0,10280.0,6481.0,2946.0
2006-05-01,141.0,5517.0,1602.0,2010.0,9518.0,2876.0,9589.0,12151.0,7590.0,2633.0
2006-06-01,199.0,5820.0,1783.0,2343.0,11225.0,3383.0,10486.0,12819.0,7624.0,3197.0
2006-07-01,198.0,6056.0,2151.0,2743.0,12540.0,3567.0,11632.0,13883.0,8675.0,3811.0
2006-08-01,213.0,6303.0,2030.0,2764.0,12528.0,3314.0,11498.0,13759.0,8990.0,3983.0
2006-09-01,206.0,5804.0,1621.0,2468.0,10344.0,2885.0,9089.0,13021.0,7030.0,3788.0
2006-10-01,187.0,4953.0,1477.0,2436.0,11224.0,2689.0,9805.0,12412.0,6976.0,3706.0
2006-11-01,213.0,4706.0,1513.0,1708.0,11089.0,2746.0,9889.0,11512.0,6642.0,3832.0
2006-12-01,197.0,6107.0,1692.0,2689.0,11470.0,3196.0,10839.0,12818.0,7154.0,3728.0
2007-01-01,216.0,6217.0,1943.0,2674.0,11508.0,3329.0,10275.0,13184.0,7099.0,3771.0
2007-02-01,195.0,5065.0,1935.0,2424.0,10937.0,3034.0,10071.0,10987.0,7879.0,3295.0
2007-03-01,145.0,5224.0,1873.0,2365.0,9853.0,2816.0,10575.0,9943.0,7908.0,3351.0
2007-04-01,190.0,4287.0,1694.0,2167.0,9331.0,2306.0,10243.0,10771.0,6352.0,2812.0
2007-05-01,170.0,5538.0,1606.0,2294.0,9960.0,2747.0,9057.0,12222.0,7842.0,3239.0
2007-06-01,205.0,6066.0,1740.0,2328.0,11466.0,3008.0,10535.0,13168.0,7683.0,3722.0
2007-07-01,201.0,6183.0,1873.0,2719.0,12025.0,3113.0,11295.0,13825.0,8349.0,3846.0
2007-08-01,212.0,6463.0,1952.0,2715.0,13012.0,3172.0,11549.0,13558.0,8609.0,3951.0
2007-09-01,205.0,6088.0,1690.0,2179.0,11439.0,2975.0,9585.0,12322.0,7932.0,3742.0
2007-10-01,182.0,5594.0,1574.0,2320.0,11333.0,2356.0,9434.0,11861.0,7473.0,3732.0
2007-11-01,178.0,5208.0,1686.0,2277.0,11150.0,2528.0,9719.0,12133.0,6947.0,3760.0
2007-12-01,200.0,5975.0,1840.0,2702.0,11115.0,3054.0,10354.0,13304.0,7792.0,3907.0
2008-01-01,207.0,6025.0,1885.0,2714.0,12529.0,3164.0,11139.0,13241.0,9071.0,3936.0
2008-02-01,151.0,5371.0,1751.0,2468.0,11583.0,2935.0,10468.0,11506.0,7981.0,3684.0
2008-03-01,149.0,4970.0,1790.0,2365.0,10884.0,2678.0,9955.0,10444.0,7929.0,3738.0
2008-04-01,187.0,4226.0,1359.0,2090.0,10115.0,2252.0,8770.0,11273.0,6337.0,3089.0
2008-05-01,145.0,5755.0,1370.0,2104.0,10124.0,2846.0,8235.0,12289.0,7031.0,3102.0
2008-06-01,201.0,5813.0,1649.0,2268.0,10876.0,3337.0,10327.0,13066.0,8013.0,3381.0
2008-07-01,210.0,6486.0,1780.0,2698.0,11601.0,3570.0,11195.0,13790.0,8678.0,3962.0
2008-08-01,222.0,6041.0,1716.0,2590.0,11095.0,3378.0,9894.0,13801.0,8193.0,3941.0
2008-09-01,211.0,5729.0,1594.0,2471.0,10149.0,3046.0,8999.0,12686.0,6344.0,3821.0
2008-10-01,201.0,5028.0,1459.0,2497.0,10267.0,2870.0,9304.0,11736.0,6180.0,3565.0
2008-11-01,192.0,4596.0,1442.0,2683.0,10557.0,2918.0,9158.0,11044.0,6246.0,3524.0
2008-12-01,206.0,4784.0,1358.0,2723.0,10913.0,3320.0,10138.0,12255.0,7112.0,4064.0
2009-01-01,192.0,4946.0,1547.0,2710.0,11599.0,3458.0,10693.0,12466.0,7410.0,4030.0
2009-02-01,166.0,3815.0,1473.0,2471.0,9693.0,2646.0,8720.0,9935.0,5768.0,3561.0
2009-03-01,152.0,3484.0,1257.0,2598.0,8873.0,2397.0,8269.0,9361.0,5669.0,3571.0
2009-04-01,156.0,3605.0,822.0,2322.0,8691.0,2563.0,7927.0,10274.0,5176.0,2503.0
2009-05-01,141.0,4505.0,845.0,2309.0,7543.0,2821.0,8044.0,11749.0,5340.0,2618.0
2009-06-01,170.0,5066.0,1019.0,2434.0,9199.0,3055.0,8539.0,12192.0,5486.0,2840.0
2009-07-01,170.0,5170.0,961.0,2501.0,9857.0,3368.0,9685.0,13192.0,5449.0,3913.0
2009-08-01,170.0,5057.0,1213.0,2543.0,10312.0,3206.0,9932.0,13127.0,6603.0,3688.0
2009-09-01,177.0,4357.0,964.0,2118.0,8673.0,2600.0,7278.0,11564.0,4184.0,3562.0
2009-10-01,184.0,4576.0,779.0,2257.0,9746.0,2514.0,7841.0,11703.0,5160.0,3961.0
2009-11-01,187.0,4024.0,675.0,2631.0,9502.0,2416.0,8397.0,11079.0,4796.0,3929.0
2009-12-01,186.0,5398.0,1203.0,2714.0,10025.0,3015.0,10149.0,12466.0,7039.0,3778.0
2010-01-01,195.0,5730.0,1491.0,2754.0,10893.0,2754.0,10565.0,12650.0,8000.0,3977.0
2010-02-01,187.0,4870.0,1382.0,2493.0,9646.0,2677.0,9757.0,11000.0,7048.0,3668.0
2010-03-01,127.0,3572.0,992.0,2545.0,9870.0,2583.0,8823.0,10680.0,6308.0,3610.0
2010-04-01,170.0,3572.0,599.0,2038.0,7891.0,1958.0,7342.0,9692.0,6583.0,3130.0
2010-05-01,179.0,5018.0,841.0,2112.0,9368.0,2191.0,7846.0,12576.0,6590.0,3099.0
2010-06-01,187.0,5822.0,1215.0,2398.0,11081.0,3006.0,9949.0,14137.0,6639.0,2911.0
2010-07-01,195.0,6070.0,1461.0,2552.0,11512.0,3217.0,10226.0,14561.0,8102.0,3880.0
2010-08-01,181.0,5961.0,1487.0,2569.0,11566.0,3267.0,10271.0,14919.0,7304.0,3761.0
2010-09-01,186.0,5107.0,1239.0,2103.0,8875.0,2803.0,8832.0,13238.0,5037.0,3483.0
2010-10-01,168.0,4217.0,785.0,2026.0,8266.0,2185.0,8079.0,11827.0,4453.0,3645.0
2010-11-01,137.0,4353.0,687.0,2228.0,8829.0,2356.0,8523.0,11549.0,4685.0,3792.0
2010-12-01,188.0,5605.0,1403.0,2644.0,10031.0,2479.0,10156.0,13343.0,7399.0,4029.0
2011-01-01,209.0,4828.0,1335.0,2784.0,10245.0,3273.0,10808.0,13968.0,7104.0,3622.0
2011-02-01,175.0,3964.0,1145.0,2454.0,9393.0,2824.0,8463.0,11057.0,6039.0,3213.0
2011-03-01,161.0,3341.0,714.0,2528.0,9086.0,2723.0,6451.0,11879.0,6294.0,3363.0
2011-04-01,168.0,4401.0,648.0,1932.0,7701.0,2507.0,6970.0,12400.0,5833.0,2870.0
2011-05-01,170.0,4759.0,676.0,1796.0,7685.0,2836.0,8078.0,13391.0,5547.0,2705.0
2011-06-01,165.0,5288.0,978.0,1926.0,9440.0,3314.0,9681.0,14944.0,7083.0,3112.0
2011-07-01,177.0,5412.0,1222.0,2389.0,11608.0,3400.0,10322.0,15816.0,8101.0,3416.0
2011-08-01,166.0,5399.0,990.0,2293.0,10642.0,3408.0,9631.0,15716.0,7361.0,3803.0
2011-09-01,153.0,4416.0,739.0,2034.0,8467.0,2521.0,8007.0,14119.0,6689.0,3628.0
2011-10-01,167.0,3488.0,482.0,2268.0,7696.0,2320.0,7302.0,12124.0,4631.0,3361.0
2011-11-01,123.0,3362.0,231.0,2181.0,6232.0,2517.0,7622.0,10525.0,5094.0,3614.0
2011-12-01,150.0,3332.0,265.0,2523.0,7141.0,2835.0,7267.0,11957.0,6188.0,4254.0
2012-01-01,148.0,3043.0,586.0,2606.0,7464.0,2833.0,8359.0,10492.0,5702.0,4133.0
2012-02-01,147.0,3031.0,363.0,2428.0,7134.0,2525.0,6065.0,9571.0,5008.0,3832.0
2012-03-01,146.0,3492.0,92.0,2395.0,6254.0,1814.0,6458.0,9225.0,4943.0,3274.0
2012-04-01,106.0,3160.0,52.0,2013.0,6616.0,1528.0,4996.0,7996.0,4575.0,2476.0
2012-05-01,72.0,3783.0,149.0,2078.0,6734.0,2419.0,7058.0,10775.0,5505.0,2841.0
2012-06-01,129.0,4079.0,257.0,2304.0,7555.0,2771.0,7513.0,12950.0,5774.0,3294.0
2012-07-01,125.0,4697.0,824.0,2715.0,9670.0,3139.0,9782.0,14300.0,6767.0,3637.0
2012-08-01,136.0,4783.0,694.0,2580.0,9265.0,3024.0,8557.0,14187.0,7062.0,4170.0
2012-09-01,126.0,4073.0,299.0,2131.0,5671.0,2367.0,6755.0,12874.0,5982.0,3736.0
2012-10-01,98.0,3822.0,364.0,2203.0,5391.0,2355.0,6983.0,12512.0,5372.0,3918.0
2012-11-01,60.0,3044.0,454.0,2321.0,6122.0,2105.0,6940.0,11590.0,6968.0,4095.0
2012-12-01,82.0,3279.0,417.0,2442.0,7713.0,2424.0,7683.0,11617.0,6611.0,4005.0
2013-01-01,65.0,3255.0,585.0,2282.0,8044.0,2569.0,8165.0,11733.0,7454.0,4154.0
2013-02-01,60.0,2701.0,658.0,2374.0,7748.0,2187.0,7701.0,10111.0,6136.0,3922.0
2013-03-01,30.0,3442.0,608.0,2656.0,8133.0,2138.0,8114.0,10626.0,5522.0,3668.0
2013-04-01,58.0,3583.0,243.0,1963.0,7491.0,1998.0,6985.0,9956.0,4438.0,3196.0
2013-05-01,54.0,4123.0,374.0,2002.0,7697.0,2382.0,7773.0,12261.0,4547.0,3307.0
2013-06-01,120.0,4429.0,289.0,2163.0,7711.0,2403.0,8021.0,14401.0,6183.0,3935.0
2013-07-01,118.0,4685.0,577.0,2623.0,8635.0,3026.0,9021.0,15395.0,6316.0,4225.0
2013-08-01,111.0,4704.0,261.0,2654.0,8987.0,3005.0,7308.0,15279.0,6229.0,4284.0
2013-09-01,101.0,4203.0,177.0,1927.0,7451.0,2750.0,6915.0,13770.0,6524.0,3758.0
2013-10-01,46.0,3981.0,193.0,2189.0,6731.0,2123.0,5071.0,11563.0,6324.0,3977.0
2013-11-01,30.0,3468.0,165.0,2173.0,6879.0,2598.0,5615.0,10513.0,6258.0,3954.0
2013-12-01,29.0,3766.0,567.0,2472.0,9057.0,2820.0,7754.0,13797.0,6353.0,4057.0
2014-01-01,25.0,4696.0,831.0,2650.0,9720.0,2796.0,8386.0,13116.0,7496.0,4052.0
2014-02-01,26.0,4426.0,758.0,2414.0,8350.0,2517.0,7984.0,12305.0,7268.0,3712.0
2014-03-01,82.0,3636.0,788.0,2444.0,8747.0,2388.0,7952.0,11486.0,7326.0,3653.0
2014-04-01,53.0,3598.0,408.0,2014.0,6720.0,1955.0,6963.0,10717.0,5306.0,3141.0
2014-05-01,48.0,4190.0,166.0,1689.0,6021.0,2594.0,6206.0,12750.0,5469.0,3157.0
2014-06-01,118.0,4719.0,379.0,1970.0,7376.0,2826.0,7075.0,12817.0,6615.0,3230.0
2014-07-01,119.0,5091.0,353.0,2478.0,8335.0,2732.0,6514.0,15173.0,7084.0,3860.0
2014-08-01,120.0,5043.0,207.0,2434.0,7830.0,3056.0,5938.0,14616.0,6344.0,4058.0
2014-09-01,109.0,4311.0,194.0,2072.0,6634.0,2636.0,4989.0,13445.0,6372.0,3647.0
2014-10-01,51.0,3880.0,153.0,2299.0,6150.0,2040.0,4647.0,11053.0,5201.0,3569.0
2014-11-01,27.0,4191.0,167.0,2532.0,7346.0,2106.0,5952.0,10181.0,6335.0,3537.0
2014-12-01,27.0,4273.0,187.0,2399.0,6650.0,2260.0,6379.0,10515.0,6700.0,3793.0
2015-01-01,27.0,3093.0,316.0,2619.0,8027.0,2389.0,7604.0,11365.0,7566.0,3841.0
2015-02-01,24.0,3358.0,560.0,2411.0,8305.0,2090.0,7257.0,9146.0,7488.0,3280.0
2015-03-01,27.0,3155.0,251.0,2273.0,7038.0,2080.0,6312.0,7403.0,5774.0,3717.0
2015-04-01,26.0,3297.0,64.0,2140.0,4989.0,1628.0,4314.0,7224.0,3996.0,3374.0
2015-05-01,27.0,3962.0,122.0,2152.0,4485.0,1743.0,5510.0,9416.0,5025.0,3231.0
2015-06-01,25.0,4309.0,250.0,2218.0,5834.0,2438.0,5104.0,12734.0,5757.0,3612.0
2015-07-01,25.0,4451.0,212.0,2546.0,6696.0,2717.0,5460.0,13390.0,6581.0,3974.0
2015-08-01,25.0,4171.0,179.0,2487.0,6852.0,2663.0,6151.0,13450.0,6403.0,4125.0
2015-09-01,22.0,4004.0,142.0,2234.0,6685.0,2157.0,5502.0,12171.0,5704.0,3385.0
2015-10-01,16.0,3421.0,114.0,2121.0,5312.0,2177.0,3471.0,9726.0,3436.0,3522.0
2015-11-01,24.0,2923.0,82.0,2195.0,3679.0,1470.0,4227.0,7958.0,4932.0,3471.0
2015-12-01,31.0,2759.0,87.0,2339.0,3808.0,1315.0,3724.0,7573.0,5393.0,3560.0
2016-01-01,29.0,2551.0,157.0,2640.0,6400.0,1581.0,5979.0,8524.0,6841.0,3845.0
2016-02-01,26.0,2311.0,218.0,2223.0,5224.0,1261.0,4664.0,6203.0,6356.0,3290.0
2016-03-01,28.0,2018.0,43.0,1857.0,3766.0,1007.0,2366.0,4503.0,4871.0,2832.0
2016-04-01,26.0,2458.0,49.0,1546.0,4884.0,703.0,3455.0,6334.0,5269.0,2331.0
2016-05-01,27.0,2990.0,126.0,1705.0,4378.0,810.0,3877.0,8880.0,4881.0,2495.0
2016-06-01,25.0,3998.0,149.0,2103.0,6118.0,1534.0,4644.0,12959.0,6257.0,3303.0
2016-07-01,26.0,4764.0,324.0,2746.0,7114.0,2011.0,6266.0,13906.0,7327.0,4080.0
2016-08-01,24.0,4501.0,371.0,2773.0,7706.0,2271.0,6101.0,13408.0,7284.0,4126.0
2016-09-01,27.0,4010.0,143.0,2167.0,6646.0,2004.0,4666.0,12746.0,5473.0,3369.0
2016-10-01,27.0,3556.0,82.0,2293.0,5040.0,2329.0,3332.0,12029.0,4901.0,3218.0
2016-11-01,25.0,2825.0,23.0,2119.0,4741.0,1448.0,3737.0,9214.0,5047.0,3167.0
2016-12-01,28.0,3447.0,87.0,2407.0,6758.0,2198.0,5585.0,12527.0,7007.0,3969.0
2017-01-01,27.0,3285.0,120.0,2381.0,5990.0,1895.0,4395.0,11556.0,6707.0,3881.0
2017-02-01,25.0,2746.0,69.0,2309.0,5777.0,1290.0,3357.0,8360.0,5089.0,3138.0
2017-03-01,27.0,3120.0,84.0,2138.0,6677.0,1295.0,4371.0,8309.0,5243.0,3009.0
2017-04-01,19.0,3240.0,44.0,1816.0,5803.0,778.0,3359.0,9712.0,4452.0,2296.0
2017-05-01,14.0,3221.0,81.0,1824.0,5238.0,970.0,4054.0,11370.0,5486.0,2700.0
2017-06-01,27.0,3604.0,66.0,1897.0,5789.0,1562.0,4113.0,12738.0,6436.0,3232.0
2017-07-01,23.0,3866.0,55.0,2593.0,6234.0,1750.0,4876.0,13906.0,7249.0,4075.0
2017-08-01,25.0,3473.0,25.0,2451.0,6192.0,1927.0,4118.0,13408.0,6490.0,4142.0
2017-09-01,26.0,2796.0,57.0,2365.0,5494.0,1971.0,2954.0,12355.0,5297.0,3581.0
2017-10-01,26.0,3322.0,11.0,2292.0,4312.0,1397.0,2744.0,10516.0,5024.0,3306.0
2017-11-01,26.0,2393.0,44.0,2310.0,4783.0,1316.0,3789.0,10948.0,4688.0,3158.0
2017-12-01,27.0,2445.0,115.0,2382.0,6054.0,1217.0,5504.0,11470.0,6189.0,3550.0
2018-01-01,27.0,3363.0,246.0,2578.0,6279.0,1778.0,5213.0,10673.0,6732.0,3689.0
2018-02-01,24.0,1795.0,14.0,2191.0,5080.0,1222.0,3501.0,7109.0,4895.0,3063.0
2018-03-01,23.0,1526.0,124.0,2354.0,5477.0,934.0,3497.0,6262.0,4348.0,3227.0
2018-04-01,22.0,1969.0,0.0,2332.0,3705.0,768.0,3612.0,7129.0,3968.0,2532.0
2018-05-01,24.0,2566.0,2.0,1856.0,3901.0,1032.0,3149.0,9028.0,4940.0,2438.0
2018-06-01,24.0,2879.0,13.0,2162.0,4165.0,1309.0,3726.0,10465.0,5928.0,3010.0
2018-07-01,23.0,2848.0,125.0,2622.0,5278.0,1863.0,4454.0,11283.0,6720.0,3829.0
2018-08-01,25.0,3254.0,42.0,2626.0,5502.0,1681.0,4270.0,11384.0,6784.0,3945.0
2018-09-01,24.0,2828.0,52.0,2268.0,4744.0,1090.0,2652.0,10342.0,4576.0,3306.0
2018-10-01,20.0,2588.0,3.0,1983.0,5035.0,755.0,2438.0,9517.0,4178.0,3356.0
2018-11-01,21.0,2240.0,3.0,2219.0,4732.0,1035.0,3175.0,9255.0,3953.0,3441.0
2018-12-01,23.0,2417.0,67.0,2349.0,4831.0,1440.0,4399.0,9274.0,5018.0,3844.0
2019-01-01,26.0,1990.0,212.0,2522.0,5368.0,1088.0,4842.0,8376.0,6312.0,3586.0
2019-02-01,23.0,993.0,55.0,2154.0,4076.0,836.0,3356.0,7447.0,4455.0,3381.0
2019-03-01,25.0,1338.0,66.0,2229.0,4697.0,890.0,3580.0,7306.0,4231.0,3035.0
2019-04-01,24.0,1247.0,9.0,1535.0,2583.0,476.0,3146.0,6027.0,3689.0,2342.0
2019-05-01,22.0,2024.0,0.0,1461.0,3947.0,487.0,2009.0,7859.0,5066.0,1896.0
2019-06-01,23.0,2139.0,1.0,1802.0,4091.0,745.0,2659.0,8396.0,5025.0,2511.0
2019-07-01,2.0,2254.0,43.0,2401.0,4300.0,886.0,3814.0,9137.0,6558.0,3223.0
2019-08-01,0.0,1890.0,36.0,2493.0,4035.0,821.0,2966.0,8893.0,5614.0,3342.0
2019-09-01,14.0,1955.0,0.0,1937.0,4066.0,858.0,2595.0,8309.0,4687.0,3110.0
2019-10-01,27.0,2213.0,0.0,1745.0,2603.0,409.0,2286.0,7005.0,3664.0,2820.0
2019-11-01,26.0,1945.0,0.0,2322.0,3133.0,203.0,3279.0,6786.0,4559.0,2814.0
2019-12-01,27.0,1259.0,0.0,2549.0,3866.0,127.0,3398.0,6275.0,4321.0,3316.0
2020-01-01,24.0,1106.0,21.0,2454.0,4314.0,207.0,2595.0,5291.0,3661.0,2758.0
2020-02-01,25.0,744.0,26.0,2259.0,3801.0,58.0,1761.0,4823.0,4398.0,2535.0
2020-03-01,23.0,668.0,97.0,1945.0,2655.0,27.0,1819.0,4999.0,3323.0,2812.0
2020-04-01,22.0,886.0,0.0,1631.0,1873.0,234.0,1370.0,5532.0,2856.0,2390.0
2020-05-01,24.0,1275.0,0.0,1641.0,2281.0,241.0,1377.0,5877.0,4282.0,2406.0
2020-06-01,21.0,1505.0,0.0,1852.0,3853.0,670.0,1892.0,6595.0,4446.0,2456.0
2020-07-01,24.0,1973.0,0.0,2246.0,4540.0,1130.0,2645.0,8225.0,6031.0,3278.0
2020-08-01,24.0,2009.0,0.0,2406.0,4673.0,1148.0,2193.0,9067.0,5729.0,3102.0
2020-09-01,22.0,1852.0,0.0,1925.0,3481.0,747.0,1282.0,7441.0,3888.0,2664.0
2020-10-01,25.0,1956.0,0.0,1992.0,3870.0,543.0,1139.0,6664.0,3400.0,2925.0
2020-11-01,27.0,1267.0,0.0,1971.0,4752.0,233.0,2137.0,6539.0,3431.0,3053.0
2020-12-01,28.0,1357.0,0.0,2174.0,4916.0,699.0,3248.0,7774.0,4771.0,2981.0
2021-01-01,17.0,1592.0,0.0,2318.0,3999.0,891.0,3551.0,7959.0,5892.0,2746.0
2021-02-01,25.0,1589.0,0.0,2183.0,4189.0,1031.0,4230.0,6812.0,6283.0,2458.0
2021-03-01,28.0,1513.0,0.0,1994.0,4253.0,513.0,2252.0,4912.0,4023.0,2616.0
2021-04-01,26.0,1501.0,0.0,1677.0,2745.0,559.0,1963.0,5387.0,3596.0,2170.0
2021-05-01,25.0,1869.0,0.0,1538.0,2216.0,556.0,1712.0,6740.0,4826.0,2404.0
2021-06-01,26.0,1913.0,0.0,1903.0,4016.0,854.0,3071.0,9386.0,6361.0,2858.0
2021-07-01,26.0,1767.0,0.0,2487.0,5317.0,1400.0,3742.0,9918.0,6543.0,3438.0
2021-08-01,25.0,2160.0,0.0,2384.0,5057.0,1683.0,3641.0,9538.0,6725.0,3034.0
2021-09-01,25.0,1652.0,0.0,2135.0,4373.0,1088.0,1509.0,8688.0,4390.0,3072.0
2021-10-01,26.0,1440.0,0.0,1728.0,3516.0,973.0,1041.0,7059.0,2840.0,2589.0
2021-11-01,23.0,765.0,0.0,2001.0,3210.0,1081.0,1123.0,6252.0,2999.0,2111.0
2021-12-01,22.0,624.0,0.0,2057.0,2770.0,616.0,1462.0,6167.0,5189.0,2542.0
2022-01-01,20.0,1136.0,0.0,2442.0,4939.0,1017.0,3951.0,7690.0,6267.0,2652.0
2022-02-01,20.0,1346.0,0.0,1995.0,4277.0,862.0,3235.0,7074.0,4325.0,2384.0
2022-03-01,23.0,1039.0,0.0,1969.0,3699.0,873.0,2411.0,5993.0,2880.0,2568.0
2022-04-01,10.0,1469.0,0.0,1390.0,2558.0,317.0,1604.0,6048.0,3835.0,2167.0
2022-05-01,16.0,1425.0,0.0,1778.0,2704.0,218.0,1512.0,6394.0,3837.0,2162.0
2022-06-01,20.0,1353.0,0.0,2134.0,3792.0,1209.0,1088.0,8225.0,4121.0,2179.0
2022-07-01,22.0,1278.0,0.0,2558.0,4031.0,1316.0,1966.0,8846.0,5639.0,3238.0
2022-08-01,20.0,1276.0,0.0,2439.0,4589.0,1083.0,2384.0,8761.0,5672.0,3592.0
2022-09-01,25.0,1139.0,0.0,2016.0,3440.0,461.0,885.0,7380.0,3480.0,3262.0
2022-10-01,28.0,1075.0,0.0,1955.0,2625.0,428.0,587.0,6299.0,2526.0,3176.0
2022-11-01,23.0,1469.0,0.0,1854.0,3152.0,415.0,735.0,6000.0,3002.0,2814.0
2022-12-01,25.0,1532.0,0.0,2262.0,3254.0,758.0,2273.0,6626.0,4875.0,2601.0
