,Alabama,Alaska,Arizona,Arkansas,California,Colorado,Connecticut,Delaware,Florida,Georgia,Idaho,Illinois,Indiana,Iowa,Kansas,Kentucky,Louisiana,Maine,Maryland,Massachusetts,Michigan,Minnesota,Mississippi,Missouri,Nevada,New Hampshire,New Jersey,New Mexico,New York,North Carolina,Ohio,Oklahoma,Oregon,Pennsylvania,Rhode Island,South Carolina,Tennessee,Texas,Utah,Vermont,Virginia,Washington,West Virginia,Wisconsin,Wyoming
Q1 2001,410.67,348.67,828.0,130.0,9512.33,826.33,225.67,56.67,2274.33,83.0,21.33,191.67,170.67,28.0,68.67,24.67,2669.33,591.33,85.67,696.67,792.0,73.67,263.67,89.67,1100.67,6.67,1038.0,356.67,1950.67,20.67,38.33,885.67,832.33,115.67,467.0,38.0,15.67,12858.33,137.0,1.33,134.0,862.67,10.33,151.0,55.33
Q2 2001,684.67,281.67,1218.33,188.0,9419.33,735.67,161.67,92.67,3505.0,362.67,27.33,315.33,165.33,49.33,109.67,39.0,3584.0,727.0,119.67,814.0,834.67,96.0,1094.67,284.33,809.67,8.0,1365.0,496.67,3017.67,103.33,67.67,1320.0,802.67,182.67,563.0,73.67,34.67,16249.33,151.0,1.67,205.67,858.0,11.33,119.67,40.33
Q3 2001,1124.67,333.67,1234.33,352.33,10588.33,811.67,506.33,251.0,4704.67,706.33,186.67,738.67,302.0,84.0,392.0,104.33,4440.33,1019.67,288.67,1274.0,1465.0,151.33,2454.0,680.33,1005.67,10.67,1807.33,489.67,4668.33,342.67,168.0,2532.67,1023.67,365.67,735.67,184.67,81.33,20766.33,125.33,0.0,699.0,822.67,51.67,315.33,49.33
Q4 2001,983.67,334.67,1009.67,232.0,7790.67,757.0,469.33,124.33,4039.33,137.33,233.33,290.0,139.0,36.33,80.33,42.33,2764.0,1013.0,92.67,1114.33,1299.67,78.67,2104.0,237.0,921.67,14.0,1359.0,286.0,3262.0,44.67,33.67,1243.33,1002.33,348.33,676.0,96.0,20.0,13496.33,68.0,0.0,359.67,582.0,18.33,158.33,52.33
Q1 2002,1178.33,328.67,974.0,206.67,6759.67,669.0,589.0,100.0,3871.33,133.0,34.67,404.33,262.33,42.33,90.33,64.33,3521.67,1165.0,56.0,1125.33,1197.67,117.67,1414.67,225.67,980.67,6.0,1321.67,233.33,2667.33,169.33,38.67,1441.0,872.0,375.33,551.0,264.67,25.0,13505.67,64.0,0.0,188.67,507.67,16.33,146.33,54.33
Q2 2002,1251.0,295.33,1169.0,344.67,6390.67,743.67,708.0,105.0,5381.67,552.0,27.0,764.67,270.33,42.33,124.67,114.33,4212.67,1015.67,136.67,1170.0,1210.67,108.0,1504.0,300.67,845.33,12.0,1502.0,298.0,2817.0,247.33,112.67,1821.67,362.0,458.67,435.33,509.33,35.0,16757.33,77.0,0.0,346.67,151.67,21.67,170.0,52.67
Q3 2002,2004.67,295.67,2014.0,746.33,9736.33,859.67,1014.0,220.67,6835.33,1319.33,30.0,1648.0,518.0,71.33,327.33,243.0,5170.67,1161.67,441.33,1662.67,1919.67,218.67,2028.33,599.67,1179.67,20.67,2275.0,377.0,4599.0,628.0,394.67,2803.33,586.0,1045.33,512.67,657.0,63.67,20901.33,174.67,0.0,729.33,373.33,29.67,256.67,69.33
Q4 2002,867.67,340.0,1607.33,236.33,6988.0,737.0,645.33,55.67,4966.67,292.33,17.67,209.67,210.0,28.33,54.33,36.0,3062.0,1159.0,104.0,1332.0,956.67,86.67,710.67,55.33,1065.0,35.0,1258.33,238.33,2734.0,142.33,43.0,950.33,784.67,358.33,604.0,68.33,32.67,14313.0,145.0,0.0,198.0,541.0,12.67,119.0,61.33
Q1 2003,872.0,313.67,1134.0,359.67,6833.33,747.33,374.33,88.67,4693.67,225.67,115.67,303.0,191.0,20.67,72.67,37.67,3535.67,817.0,82.0,1175.0,1160.0,91.0,740.33,123.0,873.67,283.0,1076.33,233.67,2087.0,89.0,81.33,1207.67,828.67,276.0,518.0,59.0,76.0,13645.33,127.33,0.0,292.0,629.67,12.67,240.33,38.0
Q2 2003,892.67,261.33,1109.0,679.67,5784.33,600.33,365.67,83.67,5949.67,410.0,36.0,234.0,224.67,19.0,72.33,29.67,3883.0,691.33,112.67,1759.0,814.33,91.67,847.33,202.0,892.33,207.67,1186.0,286.67,2062.67,54.67,95.67,1739.0,267.67,365.67,309.0,138.67,45.0,16068.33,118.33,0.0,314.33,141.33,17.33,152.67,17.0
Q3 2003,1725.0,253.0,2709.33,989.0,10150.0,998.33,493.0,235.33,6490.67,725.33,183.0,615.33,361.67,41.0,207.0,55.67,4498.33,816.0,141.67,2518.33,1110.0,267.33,1037.33,500.0,1520.33,537.0,1595.33,412.0,3446.33,348.0,376.0,3043.33,1276.67,828.67,556.33,308.67,64.67,19590.67,160.67,0.0,612.0,834.33,41.33,280.0,27.0
Q4 2003,591.0,290.33,1358.0,405.33,7710.0,729.67,454.0,80.0,5630.67,65.33,124.0,148.33,239.33,23.0,57.0,24.67,3227.67,821.33,62.0,2022.33,706.67,164.67,534.33,49.67,1131.33,360.67,1067.33,240.67,1789.33,34.67,45.0,1284.0,1042.33,369.0,435.33,47.67,23.33,12332.67,54.67,0.0,321.33,755.67,21.33,153.0,11.67
Q1 2004,1215.0,322.0,1863.0,334.0,7383.0,708.33,484.0,124.67,4907.0,227.67,176.67,197.0,316.67,18.67,34.0,41.67,3883.0,775.67,71.67,1508.33,1168.0,163.67,773.0,166.67,993.67,453.67,815.33,223.67,1699.33,114.67,61.33,1536.67,1104.67,624.67,341.33,220.33,30.67,12936.33,30.33,0.0,422.33,700.33,15.33,238.67,7.33
Q2 2004,1358.0,286.67,2486.0,500.67,7311.33,824.67,727.0,150.33,6654.33,790.67,77.67,371.67,212.67,25.33,70.33,76.0,3683.67,797.0,136.0,1956.67,1239.33,108.0,1151.0,307.33,1108.67,416.0,1528.0,263.0,2306.67,298.33,196.0,2141.67,764.0,925.0,437.33,314.0,33.0,16085.67,86.0,0.33,672.33,367.0,37.0,171.33,8.33
Q3 2004,1907.0,279.67,3280.67,572.0,10284.0,1024.0,907.0,146.67,7926.0,841.67,158.0,468.67,213.0,67.33,133.67,46.0,4313.33,833.33,120.0,1968.33,1308.67,133.0,1296.67,390.33,1900.33,479.33,1747.33,300.67,3008.33,364.33,176.67,2777.0,1315.67,1368.67,432.0,519.33,21.67,19711.0,129.67,0.0,801.0,1026.67,15.67,212.67,6.33
Q4 2004,845.33,319.67,1792.0,283.0,8429.33,1026.0,585.0,151.0,6039.0,183.0,155.67,93.33,70.33,163.0,39.0,29.67,3510.0,871.67,66.33,1557.33,1133.67,80.67,652.0,90.33,1457.67,451.0,1229.33,210.67,2083.33,75.33,30.0,1307.0,1323.33,352.33,383.67,212.33,12.67,14184.67,57.0,0.0,250.0,729.67,17.33,179.0,7.33
Q1 2005,769.33,313.67,1391.67,221.67,6666.33,875.67,631.67,143.33,5758.33,310.67,157.33,340.33,150.0,204.0,52.67,62.0,3255.0,753.33,74.67,1333.67,946.67,137.67,857.67,187.67,1420.0,532.67,883.33,245.33,1991.33,180.0,109.0,1389.0,1224.0,503.67,378.67,345.0,13.33,12880.0,64.33,0.0,489.0,742.0,26.33,318.33,8.67
Q2 2005,988.0,275.0,2165.0,526.0,6328.0,880.67,859.0,92.0,6893.0,541.0,66.67,628.33,387.67,209.67,100.0,160.0,4254.33,705.33,131.33,1883.0,1106.67,223.67,1207.0,356.33,1246.0,614.67,1147.67,371.0,2660.33,171.33,225.67,2468.67,657.33,675.33,547.33,372.33,23.33,16941.33,76.33,0.0,519.67,374.67,17.67,614.33,25.0
Q3 2005,1896.0,306.0,3684.67,887.33,10333.0,1194.0,861.0,238.0,9147.67,1766.0,151.33,1158.67,533.33,275.33,163.67,247.33,4408.0,831.33,299.0,2286.67,1741.33,336.33,2199.0,595.67,2037.67,677.0,2136.67,484.33,4187.33,605.33,498.67,3769.33,1211.0,1814.67,605.33,968.33,125.0,21966.67,176.0,0.0,1427.33,1019.0,29.67,825.67,49.0
Q4 2005,970.33,347.0,2389.67,367.33,7790.67,1024.0,602.67,56.67,6066.33,639.33,157.67,244.0,133.67,137.67,62.33,82.0,2805.0,509.33,124.33,1286.67,793.33,205.33,856.0,148.67,1574.67,437.0,954.33,295.0,1785.33,96.33,65.0,1903.33,1304.67,609.0,465.67,119.0,15.67,14100.33,76.0,0.0,329.0,723.67,22.33,371.0,26.0
Q1 2006,733.33,351.33,1746.0,267.0,6919.33,990.67,774.33,69.0,6296.33,428.67,58.33,141.0,106.0,75.67,61.67,45.67,2851.33,451.67,71.67,1544.33,712.67,88.67,494.0,118.67,1428.33,651.33,895.0,249.0,2371.67,86.67,33.0,1996.67,788.0,729.67,376.33,196.0,15.0,12362.67,113.0,0.0,299.0,310.67,15.33,327.0,45.67
Q2 2006,1786.0,314.67,2486.33,1044.0,7398.33,838.67,900.33,85.0,9056.67,1161.67,42.67,451.33,197.33,170.33,157.67,89.0,3575.67,568.33,119.33,1985.67,888.0,117.33,1456.0,336.67,1682.0,241.33,1267.67,557.0,3497.0,206.67,127.67,3214.33,233.0,1084.33,404.0,421.33,46.33,18091.67,182.33,0.0,468.0,140.67,21.67,353.33,39.0
Q3 2006,2804.33,317.0,3912.67,1298.33,11741.33,1081.0,1011.67,175.33,9767.0,2025.33,166.67,939.67,444.0,276.0,312.33,220.33,4412.33,733.0,325.0,2517.67,1408.33,349.33,2310.67,632.33,2371.0,570.67,2058.33,644.67,5146.33,669.67,457.67,3674.67,1393.67,2125.33,635.67,1001.33,132.0,21818.0,431.33,0.0,1348.33,1144.0,56.67,676.67,40.0
Q4 2006,1146.0,369.67,2811.67,484.67,9171.33,1062.67,809.0,60.33,6941.33,703.67,165.33,228.0,146.67,277.67,81.33,37.33,3138.67,679.67,74.0,1721.33,794.67,298.67,974.67,154.67,1579.67,538.67,1001.33,513.33,3029.33,102.0,175.0,2107.67,1331.0,575.0,511.0,403.67,28.0,13685.0,402.67,0.0,290.33,903.33,27.0,429.67,42.33
Q1 2007,1395.33,341.0,1795.67,242.0,7694.67,1009.0,703.0,90.33,6108.33,699.33,104.67,414.33,184.67,324.67,64.67,81.0,3071.33,560.0,94.67,1478.33,995.0,308.33,1330.67,197.67,1766.0,338.67,1009.33,446.67,3001.0,145.67,140.0,2129.67,1002.33,788.0,467.33,414.33,29.67,15005.0,627.0,0.0,606.67,389.0,28.33,623.67,60.0
Q2 2007,1839.0,295.67,3070.33,850.0,8070.33,1174.67,823.67,139.33,8460.33,1297.67,58.0,555.33,265.33,228.33,131.0,122.67,3662.67,487.67,124.33,2085.67,1031.67,250.67,1720.33,331.33,1809.33,427.33,1438.67,494.33,3695.0,331.67,291.67,2675.0,710.33,1469.33,453.0,363.67,22.33,16218.0,502.0,0.0,631.67,128.33,27.67,477.67,46.0
Q3 2007,2952.0,289.0,4783.0,1297.0,12400.33,1545.0,1041.33,287.67,10667.67,2513.33,177.67,1138.67,597.67,221.33,405.33,306.33,4565.0,687.0,402.67,2646.33,1414.67,374.67,2804.0,770.33,2346.67,715.67,2314.0,739.33,5178.33,858.0,654.0,3863.33,1579.33,2714.33,774.0,1017.67,151.33,21047.33,619.67,0.0,1617.67,980.67,51.33,640.67,43.67
Q4 2007,1557.33,363.33,3174.33,399.0,10401.33,1275.33,742.0,116.67,8199.33,849.0,212.0,405.33,290.0,255.67,109.67,88.67,3339.33,490.0,125.0,2097.67,939.33,347.0,1256.67,360.33,1499.33,436.0,1489.0,539.33,3337.0,150.33,239.33,2380.0,1660.33,1427.33,591.33,192.67,37.67,14240.0,726.67,0.0,778.33,931.0,22.67,421.0,48.33
Q1 2008,1571.33,362.67,2553.0,599.0,9440.0,1085.33,562.67,58.33,7006.0,786.67,196.33,304.0,312.0,224.33,85.0,100.33,3442.33,481.33,85.0,1351.33,976.67,254.67,1719.0,389.67,1765.67,643.67,1547.0,562.33,3067.0,159.33,150.0,2379.0,1780.0,1025.67,543.33,342.67,43.67,14190.33,660.33,0.0,494.0,919.0,20.33,598.0,50.0
Q2 2008,1396.33,294.0,3078.0,670.33,8557.67,927.67,645.0,105.33,9358.67,903.67,81.0,279.33,232.67,82.33,164.0,79.33,3843.33,602.0,145.33,1796.0,659.67,167.67,1594.67,257.33,1794.0,486.33,1861.0,668.33,3443.33,296.33,163.0,2675.33,867.0,1224.0,606.67,520.0,34.0,17498.33,525.33,0.0,599.0,437.67,14.67,266.0,38.67
Q3 2008,2659.67,316.33,4554.67,954.67,11778.33,1312.33,799.33,224.67,10591.0,1717.33,144.67,601.0,452.33,203.0,317.33,121.33,4468.33,683.33,262.33,2210.67,1064.33,268.0,2086.0,528.0,2455.33,647.0,2227.0,699.67,4718.67,613.33,408.67,3583.67,1475.0,2450.33,682.67,593.0,59.67,20093.67,674.67,0.0,1426.33,1178.0,13.67,498.33,34.67
Q4 2008,1827.33,361.33,2755.33,596.33,10221.0,1170.0,683.0,74.33,7498.67,1068.33,144.67,236.0,215.33,212.0,176.67,25.33,3361.0,693.33,123.67,1813.33,500.33,264.33,1469.0,556.33,1975.33,581.0,1281.67,724.67,3389.67,323.33,106.67,2620.0,1674.0,1544.0,566.67,453.67,18.33,12633.67,595.0,0.0,585.67,735.0,11.67,385.33,41.67
Q1 2009,2344.0,316.0,1846.0,872.33,8741.0,1240.33,744.33,65.33,7577.0,1513.0,119.0,403.33,404.0,125.67,148.33,83.33,3135.33,557.67,128.67,1452.67,769.67,226.33,1736.33,352.67,2020.0,490.33,1316.33,716.67,3128.67,274.67,283.0,2812.0,1493.33,1957.0,610.0,490.0,35.0,12140.67,629.33,0.0,929.67,746.33,11.0,519.67,50.67
Q2 2009,2778.33,270.0,2668.67,1008.33,6835.0,1142.67,657.67,47.33,10357.33,1845.0,38.33,449.67,211.33,80.33,229.67,52.0,3574.0,519.0,91.0,1388.0,509.33,209.67,1972.67,227.0,2072.33,371.33,1607.0,671.0,3365.0,307.0,345.67,2895.67,401.67,2404.67,528.67,762.33,43.0,16284.33,471.67,0.0,755.67,172.0,8.0,455.67,39.67
Q3 2009,3343.0,262.67,4628.67,1397.0,12321.67,1259.33,1016.67,196.33,12178.67,2137.67,213.67,518.0,433.0,147.0,362.0,98.33,4478.67,657.67,283.33,2232.0,928.0,273.33,2403.67,407.33,2664.0,403.67,2254.33,873.67,4251.0,785.67,676.0,3753.67,1782.0,3278.0,765.0,1227.0,34.33,21504.67,604.33,0.0,1668.33,1839.33,8.0,444.0,27.33
Q4 2009,2073.67,343.67,2437.0,462.33,9924.0,971.0,851.0,149.67,9327.67,1339.67,176.33,127.33,228.0,42.0,150.0,59.33,3479.0,718.0,86.0,1923.67,599.33,239.33,1643.33,152.0,1870.0,515.67,1697.33,625.67,3181.67,249.67,244.67,2082.67,1700.67,2099.0,606.33,781.0,24.0,13093.0,443.0,0.0,713.33,1232.33,10.0,408.67,45.33
Q1 2010,2583.33,335.33,1425.0,730.33,9544.0,1019.33,763.0,101.33,8788.33,1536.67,175.0,228.33,348.33,48.0,116.33,87.0,3417.0,569.67,69.67,1631.67,574.33,239.33,2204.33,298.0,1906.0,302.67,1600.0,727.33,3042.33,403.67,162.67,2234.67,1569.0,1725.67,550.33,482.33,48.67,13444.67,583.33,0.0,959.0,753.33,5.0,541.67,46.0
Q2 2010,2888.33,302.33,2155.67,985.67,6528.0,838.67,836.0,264.0,11372.33,1842.67,67.0,424.67,396.33,80.0,170.67,132.0,4354.67,629.33,254.67,2162.0,1020.0,337.33,2340.67,295.67,1930.67,265.0,2048.67,632.67,3787.0,740.67,470.33,2793.33,657.67,2577.0,611.67,900.33,101.0,16181.0,455.67,0.0,1105.67,490.67,7.0,357.0,32.0
Q3 2010,4255.67,275.0,4134.0,1742.67,9927.0,1047.67,1247.33,421.67,12877.0,2956.33,168.0,1061.67,784.67,257.0,388.0,287.33,5642.0,904.33,561.0,2823.67,1589.67,600.67,3280.0,727.0,2413.0,628.33,2741.33,860.33,5679.67,1041.33,934.0,4135.0,1491.33,3883.0,778.0,1311.67,303.0,20424.33,586.33,0.0,2111.0,1413.67,26.33,719.0,32.67
Q4 2010,3351.0,336.67,2177.33,698.0,9842.0,782.0,1058.67,168.0,9840.0,1626.67,152.67,192.67,628.67,52.67,87.67,107.0,3701.33,688.0,80.33,1909.33,899.0,269.67,2048.33,242.67,1646.0,592.33,1911.0,616.33,3796.0,630.0,808.67,2151.0,1499.67,3054.0,587.67,948.0,314.67,12244.0,526.67,0.0,1490.33,795.33,8.33,214.67,42.33
Q1 2011,3320.33,348.67,1127.0,886.33,6932.67,754.67,1044.67,197.67,9403.33,1515.67,53.0,315.67,875.0,42.67,97.0,65.67,4191.67,446.33,45.0,1761.0,1002.33,246.33,2075.0,299.67,1507.0,559.67,1746.0,610.0,3518.0,545.67,962.0,1982.67,592.33,2870.33,650.33,874.0,152.67,12586.0,427.0,0.0,1314.0,240.33,5.67,435.33,48.33
Q2 2011,3365.67,310.33,1536.0,1069.33,4807.67,840.67,1115.0,390.0,12190.33,2290.67,37.0,491.0,709.0,35.0,218.33,159.0,4853.67,572.67,231.0,2136.33,835.67,166.67,2385.33,316.0,1658.0,508.67,2091.0,652.0,3897.0,881.67,781.67,2641.33,226.0,3355.67,636.67,1080.33,375.67,16778.67,349.67,0.0,1011.0,87.0,28.67,457.33,36.33
Q3 2011,4974.0,298.33,3440.33,1559.33,9216.67,947.67,1554.67,497.0,13595.0,2922.67,115.33,964.33,891.67,238.33,455.33,226.0,5140.0,681.33,429.67,2765.67,1465.0,527.67,3239.67,712.0,2413.67,602.33,2471.0,908.33,5500.33,1286.0,1199.0,4415.67,701.0,4220.0,828.33,1256.67,294.67,23189.0,518.67,0.0,2212.0,591.0,46.67,659.0,27.0
Q4 2011,4233.67,344.67,1647.33,800.33,8701.33,852.67,1347.67,492.67,10266.67,2118.67,165.0,214.33,879.33,14.0,74.33,64.67,3922.0,592.33,64.33,1983.67,1025.0,176.33,2288.67,189.0,1701.67,548.67,2092.0,684.33,4019.33,1005.0,1170.0,1906.0,1313.33,3484.0,741.33,1101.0,264.0,14279.33,456.67,0.0,1573.33,697.67,3.0,529.0,41.0
Q1 2012,4542.67,352.67,1963.67,1205.67,9260.67,794.0,1159.0,510.33,11081.0,2691.0,170.33,802.33,1400.67,59.0,150.33,134.67,4016.67,598.33,140.67,1702.33,1812.0,405.67,3096.33,325.67,1717.0,635.33,1950.67,665.67,3914.33,1501.67,1995.33,2642.0,1422.0,4414.67,652.33,1092.67,403.67,15498.67,569.0,0.0,2174.33,553.33,14.33,921.0,47.67
Q2 2012,4944.67,284.0,2562.67,1617.67,8398.67,928.0,1142.67,641.0,13107.67,3810.67,44.67,1132.67,1259.33,155.0,322.0,475.33,5468.33,323.0,727.33,1960.0,2437.0,739.67,3694.67,642.67,2063.0,566.67,2587.33,754.67,5005.33,1568.33,1910.67,3983.67,268.33,4273.0,674.33,1115.0,744.0,19698.67,567.0,0.0,1826.0,105.67,22.0,1193.67,42.33
Q3 2012,5251.0,256.67,4022.67,1865.67,12033.33,1163.0,1693.33,671.67,14539.0,4356.67,268.0,1428.33,1255.33,334.67,413.33,289.0,5739.67,675.67,554.33,2923.67,2151.33,811.0,3594.67,870.0,2740.33,686.33,3208.33,913.67,6345.0,2065.33,2013.0,4473.0,1016.0,5020.67,841.67,1335.33,917.67,22025.67,616.33,0.0,2666.33,622.33,33.0,1185.67,36.67
Q4 2012,3830.33,309.33,1548.67,1016.67,10196.67,623.67,1517.67,449.0,11171.67,3320.67,149.67,366.33,908.0,98.67,67.0,83.67,4297.33,417.33,226.0,1638.33,849.67,407.0,2464.67,217.0,2028.67,461.33,1681.33,599.0,4556.0,1298.33,1635.67,1909.67,1168.0,3979.33,560.33,1234.0,626.33,14077.33,440.67,0.0,1679.33,531.67,11.67,546.67,43.67
Q1 2013,4188.0,310.67,1298.33,1248.0,9075.0,752.67,1279.67,451.0,10397.0,3491.67,249.0,544.0,748.0,85.67,117.33,133.67,3783.67,422.33,80.33,1165.67,854.33,503.67,2684.67,397.67,1948.0,339.67,1815.33,586.0,4239.33,2188.33,1951.67,2145.67,1408.0,4095.0,291.33,946.67,587.33,13938.0,507.67,0.0,1712.0,711.33,17.33,708.0,49.33
Q2 2013,3392.33,263.0,2192.33,926.33,8132.67,814.67,1296.33,474.33,11779.67,3212.33,159.0,543.67,641.67,72.67,196.0,132.33,4321.67,366.67,317.67,1978.33,1179.33,463.33,2462.0,348.0,1831.67,199.33,2259.33,790.0,4291.33,2193.33,1662.33,2496.0,529.0,3752.33,622.67,996.67,221.33,16412.0,417.33,0.0,1698.67,370.33,23.33,595.33,42.33
Q3 2013,4157.33,273.33,4364.0,1149.0,11836.0,1205.0,1476.67,620.67,13310.67,3688.0,398.67,879.67,879.67,222.33,243.67,147.67,5022.33,406.33,372.67,2563.0,1182.0,662.33,3015.33,457.33,2536.33,510.0,2894.33,940.33,5590.0,2597.0,1797.0,3361.33,1339.0,4757.67,727.0,1275.67,476.33,21675.33,646.67,0.0,2419.0,1433.33,42.0,834.33,33.33
Q4 2013,3791.33,293.33,2040.0,724.0,10797.0,797.33,1207.33,431.33,10835.0,3051.33,324.33,308.0,741.0,96.0,103.67,59.0,4375.33,428.67,191.33,1378.67,898.0,471.33,2430.67,263.67,1939.67,318.33,2056.67,675.0,3997.0,2348.67,1820.33,2015.67,1512.0,4041.0,405.33,726.33,387.0,15907.67,630.0,0.0,1720.67,1293.33,7.67,564.0,45.33
Q1 2014,3565.0,301.33,1154.0,797.33,9742.67,859.0,951.67,340.0,9809.33,2629.67,255.33,356.33,980.0,47.67,100.67,421.67,4325.0,349.0,132.67,945.67,1250.0,243.0,2625.0,284.33,1393.0,131.67,2105.0,682.67,4128.67,1915.67,2001.0,2200.67,1180.0,3641.0,283.0,770.67,355.0,14378.67,579.0,0.0,1774.0,941.67,67.67,554.67,52.0
Q2 2014,3546.0,262.67,2033.67,883.33,8188.33,874.67,1248.0,479.33,12365.67,3140.67,79.33,457.67,653.67,131.0,146.33,200.0,4774.0,380.33,206.67,1695.33,1026.33,318.33,2483.67,252.0,1703.67,432.33,2400.0,794.67,4205.0,2432.0,1876.33,2072.67,331.0,4006.33,530.33,1081.0,589.33,16272.33,636.33,0.0,1794.0,292.67,22.0,651.67,37.33
Q3 2014,4493.33,244.33,3973.0,895.67,11942.67,1131.67,1452.67,708.33,14135.67,4148.0,338.67,532.33,652.0,145.67,150.33,92.0,5153.0,438.67,330.33,2232.67,915.0,283.67,3033.33,450.67,2571.33,497.0,3215.67,884.33,5525.33,2845.33,2321.33,2689.67,1397.33,5396.67,743.67,1132.0,657.67,21593.0,881.33,0.0,2059.0,1451.67,66.67,667.33,39.33
Q4 2014,4485.33,288.0,1919.67,628.0,10268.33,1119.67,1241.67,571.67,10367.33,3735.33,178.0,475.67,905.67,133.33,86.67,119.33,4454.33,280.33,165.33,1292.67,983.0,445.0,2726.0,360.67,1986.33,401.67,2749.67,630.33,4267.33,2386.0,1689.0,1917.33,1324.33,4629.67,430.33,818.0,464.33,15996.33,695.0,0.0,1333.67,999.67,61.67,810.67,57.33
Q1 2015,4617.33,318.67,1289.67,1537.33,7981.67,749.67,1308.0,367.67,11127.67,3968.33,168.67,783.33,1591.33,187.67,67.33,346.0,4712.33,280.0,146.33,936.0,1684.0,490.0,3912.33,338.0,1886.0,438.0,2544.0,753.0,4247.33,2910.67,2647.0,2772.33,868.0,4316.33,327.67,1002.67,681.67,18344.33,523.0,0.0,2504.67,478.33,33.67,1152.67,50.67
Q2 2015,4378.67,247.0,2564.33,1198.67,8494.0,782.0,1307.67,717.0,13641.33,3887.0,306.33,749.0,1166.33,154.67,101.33,348.0,5370.0,137.33,438.33,1825.33,1412.67,511.33,3573.33,320.33,2427.67,514.33,2862.33,698.0,4394.33,3110.33,2187.33,2501.33,1173.33,4525.33,630.33,1366.33,800.0,18827.67,688.0,0.0,2763.33,911.33,115.67,978.0,53.33
Q3 2015,5110.67,222.33,4678.33,1487.33,12160.33,1188.33,1624.33,740.0,14680.0,4880.67,433.0,1126.33,1229.67,303.33,179.0,650.0,6137.33,249.67,595.67,2825.0,1740.67,884.33,4143.33,599.33,2927.33,600.0,3811.67,909.33,6162.0,3355.0,2658.0,3409.33,1710.0,5970.0,771.33,1624.33,886.67,24169.67,816.0,0.0,3510.67,1548.67,189.67,1222.0,70.33
Q4 2015,4508.0,241.67,2686.33,732.0,10077.67,1161.0,1547.0,404.67,12492.0,4087.33,360.0,962.67,1433.33,153.0,43.67,638.67,5850.33,316.67,338.33,1416.33,1844.33,577.0,3410.0,275.33,2425.67,464.67,3107.0,761.0,4171.0,2805.33,2247.67,2746.0,1661.0,5006.67,466.33,1523.33,740.0,17902.0,712.67,0.0,2316.67,1410.33,96.0,1114.0,66.67
Q1 2016,4459.0,276.33,1860.67,1205.67,7233.67,958.67,1437.0,442.33,11556.33,4029.0,348.67,1276.67,1674.67,235.0,61.67,643.0,5526.67,260.67,297.0,1328.33,2147.67,758.67,4090.67,314.67,2258.0,192.67,3054.67,823.0,3864.33,3469.67,2770.0,2543.67,1283.67,4912.0,422.33,1140.67,853.67,17578.67,676.33,0.0,3198.0,922.0,54.0,1533.33,64.33
Q2 2016,4552.67,263.0,3119.33,1756.67,6575.67,1192.67,1507.33,706.67,14008.67,4728.0,174.0,1284.0,1526.0,257.0,211.67,683.0,5748.0,266.33,419.0,1983.33,2702.67,834.0,4142.67,645.0,2427.0,444.67,3589.0,783.0,4677.33,3160.67,2102.67,3295.0,669.0,5135.67,556.33,1202.33,908.67,19389.0,823.0,0.0,2876.33,545.67,135.33,1331.0,76.33
Q3 2016,5850.67,233.33,4561.0,1861.33,10361.33,1263.33,1612.0,906.33,15780.33,5200.0,401.0,2097.33,1773.0,357.67,280.0,834.0,6163.67,443.67,916.33,2533.0,2881.33,951.0,5020.67,701.67,2783.33,586.67,4853.67,981.33,6521.0,3642.33,2874.67,3839.67,1794.33,7236.33,714.67,1788.67,1210.33,23329.67,825.0,0.0,4682.67,1456.0,108.33,1514.33,51.0
Q4 2016,4405.67,241.0,1853.0,1232.67,8187.33,812.0,1427.67,540.67,11486.67,3663.67,183.33,1170.0,1691.67,137.0,122.33,582.67,4721.0,195.33,175.0,1203.33,2033.33,431.67,3444.67,349.0,2172.67,358.0,3104.67,732.0,3868.33,2810.33,2222.0,2498.33,1355.0,5399.33,403.0,1324.33,800.0,15028.33,573.0,0.0,2878.0,737.0,109.67,779.33,71.33
Q1 2017,3763.67,282.33,926.67,1100.33,6150.33,850.0,1325.67,453.67,11072.0,4135.0,221.33,1100.33,1539.0,128.33,117.67,539.0,4307.67,212.33,395.67,1490.67,1970.33,523.0,3442.67,354.33,1935.0,160.0,2927.0,695.33,3612.67,3288.33,2288.0,1733.33,1120.0,5568.33,368.0,1142.33,890.67,13198.67,486.67,0.0,3440.33,692.0,63.0,1033.0,60.67
Q2 2017,4284.33,248.33,2698.67,1648.67,5547.0,981.33,1068.0,645.0,13844.33,4178.0,60.0,1244.0,1158.33,264.0,177.33,906.67,5162.0,229.0,531.67,1945.0,2027.67,609.0,3816.67,394.67,2016.33,359.67,3074.67,757.67,3621.67,2854.67,2076.67,2604.67,233.67,5082.0,609.33,1497.0,760.33,17040.67,392.67,0.0,3370.67,255.0,93.33,719.0,60.33
Q3 2017,5298.0,260.67,4012.33,1706.33,9902.0,1393.33,1442.67,721.0,16274.0,5049.67,402.33,1574.67,1608.67,625.67,229.0,1182.33,5507.33,214.67,679.33,2349.67,2432.0,633.0,4478.33,621.0,2810.0,448.67,3833.67,906.0,5068.33,3453.67,2711.67,3577.67,1832.67,7418.0,772.67,1643.67,977.0,22693.67,688.33,0.0,4570.0,1411.0,201.67,1497.0,66.67
Q4 2017,4315.0,287.0,2226.33,1316.33,7851.0,952.33,1484.67,421.33,12511.0,4211.33,343.33,1087.0,1685.67,504.67,191.33,832.33,4690.67,89.0,636.0,1599.0,2279.67,471.33,3649.0,365.33,2114.0,224.33,2734.0,684.0,3454.0,3266.0,2943.67,2235.0,1835.67,6099.67,645.67,1436.0,795.33,15237.33,389.33,0.0,3454.67,1258.33,151.0,1303.0,72.33
Q1 2018,4224.0,277.67,1495.67,1653.0,6619.33,1261.0,1397.33,398.67,12015.67,4206.33,219.0,1234.67,1955.0,449.67,201.67,1286.67,4666.0,114.0,738.0,1559.67,2734.67,586.33,4094.67,548.67,1898.67,64.0,2536.0,691.67,3176.33,3452.33,3602.0,2418.67,1445.33,5471.0,410.0,1284.0,938.0,16901.67,491.67,0.0,4108.67,673.0,61.33,1459.33,67.67
Q2 2018,5047.67,230.33,2809.67,2033.33,5123.33,1346.0,1410.0,425.0,14350.67,4110.33,120.67,1352.33,2330.33,734.67,368.67,1060.0,5276.0,161.0,1137.0,1099.0,2760.33,797.67,4351.0,585.0,2057.67,208.67,2969.67,1037.67,3803.67,3175.0,3403.0,4039.0,633.67,5657.33,592.67,1513.33,852.67,19794.0,549.67,0.0,3749.33,459.67,107.0,1058.33,68.0
Q3 2018,5792.67,245.0,4847.0,2001.33,9848.0,1598.67,2011.0,602.33,17340.67,5109.33,411.33,2075.0,2504.33,807.67,251.33,1472.67,6005.0,317.33,1614.33,2279.67,2724.33,1080.33,4931.33,705.67,3011.67,487.67,4473.0,1208.0,6010.0,4237.0,4111.0,4917.33,2099.67,8041.33,972.0,2518.33,1584.0,25903.33,1027.0,0.0,4984.0,1773.67,188.0,1786.0,80.33
Q4 2018,4536.0,229.0,3237.0,1186.33,8344.0,1260.33,1850.67,373.67,13583.67,3897.67,342.0,1085.0,2149.0,455.0,180.33,1052.0,4647.0,184.33,1127.33,1190.67,2109.67,386.67,3117.0,511.0,1928.67,237.0,2975.67,939.0,3946.67,3618.0,4206.33,2815.0,1795.33,6294.0,657.67,1902.33,1091.67,17305.33,839.67,0.0,3878.33,605.67,117.0,1295.33,82.67
Q1 2019,4273.33,262.67,2796.33,1587.67,6914.67,1342.33,1563.33,309.33,12452.0,4140.33,408.33,1331.67,2614.33,549.0,170.67,1164.0,5049.0,168.33,1318.0,1337.67,2535.33,822.0,3453.33,526.33,1829.67,157.0,2860.33,860.0,3565.33,3561.67,4578.33,3069.0,1946.0,7439.33,405.33,1679.67,1415.33,17273.33,834.0,0.0,5025.67,1064.0,81.33,1609.0,82.67
Q2 2019,4661.67,213.67,3486.33,1727.33,4354.0,1259.33,1652.33,370.67,15962.0,4784.67,156.33,1619.0,2249.0,526.67,266.0,1098.33,6212.67,86.0,1137.67,933.0,2592.0,968.67,3705.0,680.33,1874.67,215.33,3161.33,869.33,3185.0,2993.33,4161.33,3334.0,899.67,6872.0,564.67,1986.0,1246.0,20119.0,673.0,0.0,4148.0,706.0,146.33,1574.33,75.33
Q3 2019,5840.33,203.67,5139.33,2257.67,8772.67,1718.67,2097.67,646.67,18276.33,5735.33,449.67,2504.0,2905.0,930.67,343.0,1508.67,6765.33,212.33,1406.0,1718.33,3342.67,1346.33,5252.0,899.0,2804.67,489.0,4159.0,1243.33,5469.0,3885.33,4785.0,5323.33,2165.0,10105.67,832.0,2470.67,1728.67,28503.67,908.33,0.0,6004.67,1973.0,290.0,1839.0,80.67
Q4 2019,4290.67,215.67,3939.67,1684.67,8572.33,1378.67,1801.33,275.67,13978.67,4879.67,407.67,1661.0,2912.33,587.0,228.0,1342.67,5147.33,132.33,1006.33,1146.33,3007.0,1065.33,3849.67,452.67,2082.33,332.67,3302.0,961.0,3651.0,3275.67,4100.67,3392.67,1966.67,8263.33,578.33,1838.67,1261.67,19313.0,707.33,0.0,4150.0,1500.0,230.33,1755.33,105.0
Q1 2020,4322.33,245.0,3205.67,1601.33,6581.67,1560.0,1889.33,286.33,14203.67,4755.67,435.0,2337.67,2809.0,569.67,248.33,934.33,5596.0,88.33,1215.33,1039.33,3251.0,1137.67,4211.33,648.67,2049.33,223.67,2303.33,960.67,3775.0,3860.67,4953.67,3826.67,1964.67,9707.0,520.67,1985.0,1448.0,18888.33,760.0,0.0,5652.33,1397.67,142.33,2008.0,117.33
Q2 2020,4218.33,193.0,4063.67,1399.67,5181.33,1412.0,1832.33,427.33,16028.33,4816.0,122.67,1854.67,2711.67,541.33,165.67,1261.0,5756.0,175.67,1052.33,715.67,2829.0,883.67,4488.67,516.0,1997.33,267.0,2183.67,919.67,3494.33,2786.67,4122.33,3548.33,806.0,8491.0,696.67,2014.67,1072.67,19751.0,579.33,0.0,5066.33,713.67,251.67,1793.0,86.33
Q3 2020,5746.33,192.67,5535.33,1886.33,9954.0,1793.33,2295.0,658.0,18462.33,5461.0,417.0,2596.0,2809.67,716.33,248.33,1378.0,6470.33,264.67,1347.67,1818.0,3395.67,1040.67,5225.0,876.0,2852.33,497.0,3509.67,1256.67,6387.33,3874.67,4788.33,4873.33,1751.0,12742.0,888.33,2363.0,1478.0,26506.67,1027.33,0.0,5938.0,1375.33,274.0,1951.0,156.0
Q4 2020,4123.0,249.33,4121.0,1215.33,8965.33,1291.67,1828.67,234.33,14445.67,4693.0,410.67,1383.67,2364.33,518.33,271.67,1222.33,5771.0,105.33,1081.67,1152.33,2668.67,876.67,3961.67,479.33,2035.33,225.0,2214.0,864.0,3998.67,3278.0,4111.67,2694.33,1818.0,9316.0,652.0,1713.33,1224.33,17063.67,786.67,0.0,4216.67,1185.33,257.33,1581.67,98.67
Q1 2021,4165.33,258.33,3021.0,1157.0,6591.0,1157.0,1924.0,124.33,12522.33,3963.67,411.67,1320.67,2409.0,294.0,221.67,1203.0,4831.67,227.67,867.67,1387.67,2426.33,832.0,3962.67,436.0,1947.0,239.33,1665.0,791.67,3963.33,3478.33,4643.0,2675.0,1773.67,10174.0,457.33,1514.0,1221.33,15963.67,775.0,0.0,4399.67,1312.67,127.33,1670.0,93.67
Q2 2021,4160.33,235.67,4319.67,1665.0,6930.0,1228.33,1861.0,311.67,15411.33,4654.67,364.33,1395.33,1961.67,465.33,217.33,1102.67,5392.0,215.33,1064.33,1060.33,2295.0,979.67,4083.67,460.67,2108.33,341.33,2291.33,889.67,4288.0,3068.0,4152.67,2598.33,1328.33,9603.67,646.0,1881.33,983.33,19061.67,904.0,0.0,4309.67,1016.0,258.33,1719.33,141.67
Q3 2021,5138.0,257.0,5459.67,1935.0,10699.0,1534.67,2283.67,480.33,18536.67,5238.33,499.0,2476.33,2386.67,776.67,255.67,1310.0,5750.33,395.33,1423.67,1583.33,2959.33,1206.33,4538.33,731.67,2815.67,576.0,3353.67,1054.33,6002.0,4753.0,4687.33,3968.33,2135.33,11861.67,951.33,2292.33,1641.67,25627.0,1044.33,0.0,5069.67,1806.67,221.0,2003.33,152.33
Q4 2021,4685.33,277.67,3217.67,2119.0,8255.67,933.67,2094.67,328.33,14403.0,5035.0,370.0,1695.33,2443.0,618.67,192.67,1241.67,5346.33,277.67,1303.67,972.0,2490.0,1246.0,3622.67,391.0,1839.0,331.67,2538.0,629.0,4584.33,4515.67,5310.67,2044.0,1861.33,10582.67,826.0,2059.67,816.0,17054.33,838.33,0.0,4091.33,1394.67,268.33,1722.0,112.67
Q1 2022,4525.0,227.33,2695.33,1641.0,6172.0,1141.33,1923.67,214.33,13480.0,4198.0,361.0,1399.0,2490.33,447.0,177.67,1312.33,5371.67,309.0,821.0,1254.33,2851.33,890.0,4078.67,422.0,1710.33,217.33,1921.33,661.33,4156.67,4534.67,5840.0,2112.67,1680.67,10988.33,541.33,1726.33,1525.67,16669.33,884.33,0.0,3915.33,1094.67,132.33,1860.67,84.0
Q2 2022,5383.0,174.67,3560.0,1975.33,6026.33,1086.0,1818.67,341.0,16602.33,5076.67,188.0,1742.67,2587.67,435.33,284.33,1312.67,6292.0,291.33,1264.33,1221.0,2694.0,729.67,4062.67,562.0,1774.0,492.67,2697.0,722.0,4766.33,3892.67,5221.67,2764.67,960.0,9573.33,546.0,1973.0,1324.0,20325.67,769.33,0.0,3310.67,622.33,165.0,1872.33,133.67
Q3 2022,6198.0,292.0,5089.0,2687.33,10607.0,1644.67,2556.0,619.67,19846.33,6283.33,484.0,3073.67,2798.33,811.67,454.67,1691.67,6954.33,411.67,1511.67,1735.0,4417.33,1173.0,5236.0,1013.67,2748.33,558.67,4076.33,1198.0,6517.0,5904.67,6468.33,4626.0,1820.67,12314.67,770.33,2691.0,1720.33,28473.33,1013.0,0.0,5426.0,1592.67,231.33,2202.33,167.33
Q4 2022,4730.33,221.67,3719.0,1946.67,9254.67,1332.33,1858.0,375.0,14323.33,4472.0,397.33,1871.33,2783.67,492.67,261.67,1402.67,5353.0,217.33,1097.33,1121.67,3358.0,849.0,3871.33,537.33,2074.67,232.33,2410.67,1055.0,4477.0,4979.0,5365.67,2744.0,1888.0,10352.0,539.67,1685.67,1127.0,19796.67,1021.33,0.0,4121.33,1610.0,205.67,1615.67,178.0
